num__indicador_si,num__taxa_resolucao,num__tempo_resposta,num__satisfacao_cidadao,num__volume_interacoes,num__taxa_abandono,num__erros_tecnicos,num__registo_ano,num__registo_mes,num__registo_dia,cat__unidade_organizacional_Departamento De Inovação E Digitalização,cat__unidade_organizacional_Departamento De Planeamento Estratégico,cat__unidade_organizacional_Departamento De Saúde Pública,cat__unidade_organizacional_Direcção De Recursos Humanos,cat__unidade_organizacional_Direcção De Serviços Financeiros,cat__unidade_organizacional_Gabinete De Atendimento Ao Cidadão,cat__unidade_organizacional_Serviços De Educação,cat__unidade_organizacional_Serviços De Ti,cat__tipo_servico_Atendimento Presencial,cat__tipo_servico_Balcão Único,cat__tipo_servico_Chatbot,cat__tipo_servico_Email,cat__tipo_servico_Portal Online,cat__tipo_servico_Serviços Digitais,cat__tipo_servico_Telefone,cat__canal_utilizado_Aplicacao_Movel,cat__canal_utilizado_Chatbot,cat__canal_utilizado_Email,cat__canal_utilizado_Portal,cat__canal_utilizado_Presencial,cat__canal_utilizado_Telefone,cat__transparencia_Não,cat__transparencia_Sim,cat__feedback_cidadao_Bom Serviço,cat__feedback_cidadao_Excelente Atendimento,cat__feedback_cidadao_Falta De Informação,cat__feedback_cidadao_Muito Satisfeito,cat__feedback_cidadao_Precisa Melhorias,cat__feedback_cidadao_Processo Complicado,cat__feedback_cidadao_Resposta Rápida E Eficaz,cat__feedback_cidadao_Serviço Eficiente,cat__feedback_cidadao_Sistema Lento,cat__feedback_cidadao_Tempo De Espera Elevado,cat__segmentacao_utilizador_Cidadão,cat__segmentacao_utilizador_Empresa,cat__segmentacao_utilizador_Estudante,cat__segmentacao_utilizador_Funcionário Público,cat__segmentacao_utilizador_Reforma/Pensionista,cat__segmentacao_utilizador_Utilizador Vulnerável,cat__area_tematica_Ambiente,cat__area_tematica_Cultura,cat__area_tematica_Digitalização,cat__area_tematica_Educação,cat__area_tematica_Habitação,cat__area_tematica_Inovação,cat__area_tematica_Mobilidade,cat__area_tematica_Saúde,cat__area_tematica_Social,indicador_kpi
0.5710313447927198,0.6210179421457345,0.29914529914529914,0.3999999999999999,0.731006160164271,0.9016260162601627,0.5,0.0,0.2727272727272727,0.3666666666666667,0.0,0.0,0.0,0.0,1.0,0.0,0.0,0.0,0.0,0.0,0.0,0.0,0.0,0.0,1.0,0.0,0.0,0.0,0.0,1.0,0.0,0.0,1.0,0.0,0.0,0.0,0.0,0.0,1.0,0.0,0.0,0.0,0.0,0.0,1.0,0.0,0.0,0.0,0.0,0.0,1.0,0.0,0.0,0.0,0.0,0.0,0.0,0.0,63.13
0.38169868554095054,0.7067008421823506,0.23931623931623935,0.5499999999999998,0.6919917864476386,0.5951219512195122,0.07142857142857142,0.0,0.9999999999999999,0.43333333333333335,1.0,0.0,0.0,0.0,0.0,0.0,0.0,0.0,0.0,1.0,0.0,0.0,0.0,0.0,0.0,0.0,0.0,1.0,0.0,0.0,0.0,0.0,1.0,1.0,0.0,0.0,0.0,0.0,0.0,0.0,0.0,0.0,0.0,0.0,0.0,0.0,1.0,0.0,0.0,0.0,0.0,0.0,0.0,0.0,0.0,0.0,1.0,0.0,63.58
0.6395348837209305,0.20322226290736012,0.3162393162393162,0.1499999999999999,0.7926078028747433,0.617479674796748,0.3571428571428571,0.0,0.7272727272727273,0.8666666666666667,0.0,0.0,0.0,1.0,0.0,0.0,0.0,0.0,0.0,0.0,1.0,0.0,0.0,0.0,0.0,0.0,0.0,0.0,0.0,0.0,1.0,1.0,0.0,0.0,0.0,0.0,0.0,0.0,1.0,0.0,0.0,0.0,0.0,0.0,0.0,1.0,0.0,0.0,0.0,0.0,0.0,0.0,0.0,0.0,1.0,0.0,0.0,0.0,73.64
0.45247724974721937,0.12486268766019792,0.47863247863247865,0.19999999999999996,0.1273100616016427,0.6134146341463416,0.7857142857142857,0.0,0.2727272727272727,0.5,0.0,1.0,0.0,0.0,0.0,0.0,0.0,0.0,0.0,0.0,0.0,1.0,0.0,0.0,0.0,1.0,0.0,0.0,0.0,0.0,0.0,0.0,1.0,0.0,0.0,0.0,0.0,0.0,1.0,0.0,0.0,0.0,0.0,0.0,0.0,0.0,1.0,0.0,0.0,0.0,0.0,1.0,0.0,0.0,0.0,0.0,0.0,0.0,99.19
0.5406976744186047,0.0,0.8205128205128206,0.8500000000000001,0.9753593429158111,0.29430894308943095,0.2857142857142857,0.0,0.1818181818181818,0.3666666666666667,0.0,0.0,0.0,1.0,0.0,0.0,0.0,0.0,1.0,0.0,0.0,0.0,0.0,0.0,0.0,0.0,0.0,0.0,1.0,0.0,0.0,0.0,1.0,0.0,0.0,0.0,0.0,0.0,0.0,0.0,1.0,0.0,0.0,1.0,0.0,0.0,0.0,0.0,0.0,0.0,0.0,0.0,0.0,0.0,0.0,0.0,1.0,0.0,63.45
0.9411021233569263,0.34456243134383024,0.8547008547008548,0.9500000000000002,0.35728952772073924,0.9410569105691058,0.8571428571428571,0.0,0.5454545454545454,0.2,0.0,0.0,0.0,0.0,0.0,0.0,1.0,0.0,0.0,0.0,0.0,0.0,0.0,0.0,1.0,0.0,1.0,0.0,0.0,0.0,0.0,1.0,0.0,0.0,0.0,0.0,1.0,0.0,0.0,0.0,0.0,0.0,0.0,0.0,0.0,0.0,0.0,1.0,0.0,0.0,0.0,0.0,0.0,0.0,0.0,1.0,0.0,0.0,70.35
0.37942366026289176,0.589893811790553,0.22222222222222224,0.3500000000000001,0.0,0.9532520325203253,0.6428571428571428,0.0,0.0,0.6666666666666666,0.0,0.0,0.0,1.0,0.0,0.0,0.0,0.0,0.0,0.0,0.0,0.0,0.0,0.0,1.0,0.0,1.0,0.0,0.0,0.0,0.0,0.0,1.0,0.0,0.0,0.0,1.0,0.0,0.0,0.0,0.0,0.0,0.0,0.0,0.0,0.0,0.0,1.0,0.0,0.0,0.0,0.0,0.0,0.0,0.0,0.0,0.0,1.0,94.57
0.9610717896865522,0.38703771512266627,0.46153846153846156,0.25,0.8747433264887063,0.6260162601626017,0.5714285714285714,0.0,0.2727272727272727,0.3666666666666667,1.0,0.0,0.0,0.0,0.0,0.0,0.0,0.0,1.0,0.0,0.0,0.0,0.0,0.0,0.0,0.0,1.0,0.0,0.0,0.0,0.0,0.0,1.0,0.0,0.0,1.0,0.0,0.0,0.0,0.0,0.0,0.0,0.0,0.0,0.0,0.0,0.0,1.0,0.0,0.0,0.0,0.0,0.0,0.0,0.0,0.0,0.0,1.0,50.15
0.9044489383215368,0.43354082753570156,0.27350427350427353,0.6499999999999999,0.28542094455852157,0.7869918699186993,0.7857142857142857,0.0,0.36363636363636365,0.0,0.0,0.0,0.0,1.0,0.0,0.0,0.0,0.0,0.0,1.0,0.0,0.0,0.0,0.0,0.0,0.0,0.0,1.0,0.0,0.0,0.0,0.0,1.0,0.0,0.0,0.0,0.0,1.0,0.0,0.0,0.0,0.0,0.0,0.0,0.0,1.0,0.0,0.0,0.0,0.0,0.0,0.0,0.0,0.0,0.0,0.0,1.0,0.0,51.99
0.1870576339737109,0.9121201025265471,0.5726495726495727,0.3999999999999999,0.7659137577002053,0.6130081300813008,0.2857142857142857,0.0,0.6363636363636364,0.03333333333333333,0.0,0.0,0.0,0.0,1.0,0.0,0.0,0.0,0.0,0.0,0.0,0.0,0.0,0.0,1.0,0.0,0.0,0.0,0.0,1.0,0.0,0.0,1.0,0.0,0.0,0.0,0.0,0.0,0.0,0.0,1.0,0.0,0.0,0.0,0.0,0.0,0.0,1.0,0.0,0.0,1.0,0.0,0.0,0.0,0.0,0.0,0.0,0.0,80.2
0.05915065722952484,0.3419992676675214,0.7264957264957266,0.050000000000000044,0.31827515400410683,0.4829268292682927,0.07142857142857142,0.0,0.9090909090909091,0.8333333333333334,0.0,0.0,0.0,0.0,1.0,0.0,0.0,0.0,0.0,0.0,0.0,0.0,0.0,1.0,0.0,0.0,0.0,0.0,0.0,0.0,1.0,0.0,1.0,0.0,0.0,1.0,0.0,0.0,0.0,0.0,0.0,0.0,0.0,1.0,0.0,0.0,0.0,0.0,0.0,0.0,0.0,1.0,0.0,0.0,0.0,0.0,0.0,0.0,95.37
0.09100101112234582,0.5119004027828638,0.5555555555555557,0.1499999999999999,0.6591375770020533,0.6621951219512195,0.2857142857142857,0.0,0.1818181818181818,0.9,0.0,0.0,0.0,0.0,0.0,1.0,0.0,0.0,0.0,0.0,1.0,0.0,0.0,0.0,0.0,0.0,0.0,0.0,1.0,0.0,0.0,1.0,0.0,0.0,1.0,0.0,0.0,0.0,0.0,0.0,0.0,0.0,0.0,0.0,0.0,0.0,1.0,0.0,0.0,0.0,0.0,0.0,1.0,0.0,0.0,0.0,0.0,0.0,61.94
0.007583417593528763,0.7883559135847675,0.07692307692307693,0.7000000000000002,0.2936344969199179,0.5528455284552846,1.0,0.0,0.2727272727272727,0.26666666666666666,0.0,0.0,0.0,0.0,0.0,0.0,0.0,1.0,0.0,0.0,0.0,1.0,0.0,0.0,0.0,1.0,0.0,0.0,0.0,0.0,0.0,0.0,1.0,0.0,0.0,0.0,0.0,1.0,0.0,0.0,0.0,0.0,0.0,0.0,0.0,1.0,0.0,0.0,0.0,0.0,0.0,0.0,1.0,0.0,0.0,0.0,0.0,0.0,73.48
0.08468149646107181,0.3914317099963385,0.03418803418803419,0.6499999999999999,0.9096509240246407,0.5979674796747968,0.7857142857142857,0.0,0.9999999999999999,0.8,0.0,0.0,1.0,0.0,0.0,0.0,0.0,0.0,1.0,0.0,0.0,0.0,0.0,0.0,0.0,0.0,0.0,0.0,1.0,0.0,0.0,0.0,1.0,0.0,0.0,0.0,0.0,1.0,0.0,0.0,0.0,0.0,0.0,0.0,0.0,0.0,1.0,0.0,0.0,0.0,0.0,0.0,0.0,0.0,0.0,1.0,0.0,0.0,72.52
0.6797269969666329,0.6228487733430983,0.623931623931624,0.050000000000000044,0.595482546201232,0.78739837398374,0.21428571428571427,0.0,0.36363636363636365,0.9999999999999999,0.0,1.0,0.0,0.0,0.0,0.0,0.0,0.0,0.0,0.0,0.0,1.0,0.0,0.0,0.0,1.0,0.0,0.0,0.0,0.0,0.0,0.0,1.0,0.0,0.0,0.0,0.0,0.0,0.0,0.0,0.0,0.0,1.0,0.0,0.0,1.0,0.0,0.0,0.0,0.0,1.0,0.0,0.0,0.0,0.0,0.0,0.0,0.0,73.65
0.06117290192113245,0.869278652508239,0.8205128205128206,0.19999999999999996,0.3080082135523614,0.4792682926829269,1.0,0.0,0.36363636363636365,0.3,0.0,0.0,0.0,0.0,0.0,0.0,1.0,0.0,0.0,0.0,0.0,0.0,0.0,1.0,0.0,0.0,0.0,1.0,0.0,0.0,0.0,0.0,1.0,0.0,0.0,0.0,0.0,0.0,0.0,0.0,0.0,0.0,1.0,0.0,0.0,0.0,1.0,0.0,0.0,1.0,0.0,0.0,0.0,0.0,0.0,0.0,0.0,0.0,81.13
0.3116784630940346,0.9586232149395828,1.0000000000000002,0.25,0.8809034907597536,0.03211382113821139,0.7142857142857142,0.0,0.36363636363636365,0.9333333333333333,0.0,0.0,0.0,1.0,0.0,0.0,0.0,0.0,0.0,0.0,0.0,0.0,0.0,0.0,1.0,0.0,1.0,0.0,0.0,0.0,0.0,0.0,1.0,0.0,0.0,0.0,0.0,0.0,0.0,1.0,0.0,0.0,0.0,0.0,1.0,0.0,0.0,0.0,0.0,1.0,0.0,0.0,0.0,0.0,0.0,0.0,0.0,0.0,73.49
0.8435288169868556,0.13584767484437998,0.3162393162393162,0.6499999999999999,0.3901437371663245,0.15731707317073174,0.42857142857142855,0.0,0.9090909090909091,0.1,0.0,0.0,0.0,1.0,0.0,0.0,0.0,0.0,0.0,0.0,0.0,0.0,0.0,0.0,1.0,0.0,0.0,1.0,0.0,0.0,0.0,0.0,1.0,0.0,0.0,0.0,0.0,0.0,0.0,1.0,0.0,0.0,0.0,0.0,0.0,0.0,1.0,0.0,0.0,0.0,0.0,0.0,0.0,0.0,1.0,0.0,0.0,0.0,72.37
0.012639029322548012,0.9348224093738557,0.10256410256410257,0.0,0.891170431211499,0.43658536585365865,0.3571428571428571,0.0,0.7272727272727273,0.43333333333333335,1.0,0.0,0.0,0.0,0.0,0.0,0.0,0.0,0.0,0.0,0.0,0.0,0.0,1.0,0.0,0.0,0.0,0.0,0.0,1.0,0.0,1.0,0.0,0.0,0.0,0.0,0.0,0.0,1.0,0.0,0.0,0.0,0.0,0.0,0.0,0.0,0.0,1.0,0.0,0.0,0.0,1.0,0.0,0.0,0.0,0.0,0.0,0.0,73.71
0.8126895854398382,0.4895642621750276,0.2564102564102564,0.10000000000000009,0.944558521560575,0.7272357723577236,0.9285714285714285,0.0,0.9999999999999999,0.26666666666666666,0.0,0.0,0.0,0.0,0.0,0.0,0.0,1.0,1.0,0.0,0.0,0.0,0.0,0.0,0.0,0.0,0.0,0.0,0.0,1.0,0.0,0.0,1.0,0.0,1.0,0.0,0.0,0.0,0.0,0.0,0.0,0.0,0.0,0.0,1.0,0.0,0.0,0.0,0.0,0.0,0.0,1.0,0.0,0.0,0.0,0.0,0.0,0.0,79.54
0.27401415571284127,0.24972537532039585,0.39316239316239315,0.7999999999999998,0.1437371663244353,0.5934959349593496,0.07142857142857142,0.0,0.8181818181818182,0.6333333333333333,0.0,0.0,0.0,0.0,1.0,0.0,0.0,0.0,0.0,0.0,1.0,0.0,0.0,0.0,0.0,1.0,0.0,0.0,0.0,0.0,0.0,0.0,1.0,0.0,0.0,0.0,0.0,0.0,0.0,0.0,0.0,1.0,0.0,0.0,0.0,0.0,1.0,0.0,0.0,0.0,0.0,0.0,0.0,0.0,0.0,0.0,0.0,1.0,76.85
0.10869565217391308,0.4558769681435373,0.8461538461538463,0.19999999999999996,0.813141683778234,0.6516260162601627,0.7857142857142857,0.0,0.5454545454545454,0.3,0.0,1.0,0.0,0.0,0.0,0.0,0.0,0.0,0.0,0.0,0.0,0.0,1.0,0.0,0.0,0.0,0.0,0.0,0.0,0.0,1.0,0.0,1.0,0.0,0.0,0.0,0.0,0.0,0.0,0.0,0.0,1.0,0.0,0.0,0.0,1.0,0.0,0.0,0.0,0.0,0.0,0.0,0.0,1.0,0.0,0.0,0.0,0.0,92.71
0.6936299292214358,0.9897473452947638,0.9230769230769232,0.6499999999999999,0.6201232032854209,0.4776422764227643,0.7142857142857142,0.0,0.8181818181818182,0.06666666666666668,0.0,0.0,0.0,0.0,0.0,1.0,0.0,0.0,1.0,0.0,0.0,0.0,0.0,0.0,0.0,0.0,0.0,0.0,0.0,0.0,1.0,0.0,1.0,0.0,0.0,0.0,0.0,0.0,0.0,0.0,0.0,0.0,1.0,0.0,0.0,1.0,0.0,0.0,0.0,0.0,0.0,0.0,0.0,0.0,0.0,1.0,0.0,0.0,52.47
0.6251263902932256,0.4899304284145005,0.7435897435897437,0.25,0.7679671457905544,0.6162601626016261,0.7142857142857142,0.0,0.4545454545454545,0.26666666666666666,0.0,0.0,0.0,0.0,1.0,0.0,0.0,0.0,0.0,0.0,0.0,0.0,1.0,0.0,0.0,1.0,0.0,0.0,0.0,0.0,0.0,0.0,1.0,0.0,0.0,0.0,0.0,0.0,0.0,0.0,0.0,0.0,1.0,0.0,0.0,1.0,0.0,0.0,0.0,0.0,0.0,0.0,1.0,0.0,0.0,0.0,0.0,0.0,91.67
0.8763902932254801,0.32222629073599407,0.4358974358974359,0.10000000000000009,0.7002053388090349,0.32520325203252043,0.8571428571428571,0.0,0.9090909090909091,0.26666666666666666,0.0,0.0,0.0,0.0,0.0,0.0,1.0,0.0,0.0,0.0,0.0,0.0,0.0,1.0,0.0,0.0,0.0,0.0,0.0,1.0,0.0,0.0,1.0,0.0,0.0,0.0,0.0,0.0,0.0,0.0,0.0,0.0,1.0,0.0,0.0,0.0,0.0,0.0,1.0,0.0,0.0,0.0,0.0,0.0,0.0,1.0,0.0,0.0,92.2
0.732305358948433,0.6345660930062249,0.47008547008547014,0.25,0.9219712525667351,0.46829268292682935,0.2857142857142857,0.0,0.0,0.7,0.0,0.0,0.0,0.0,0.0,0.0,0.0,1.0,0.0,1.0,0.0,0.0,0.0,0.0,0.0,0.0,0.0,0.0,0.0,1.0,0.0,1.0,0.0,0.0,0.0,0.0,0.0,0.0,0.0,0.0,1.0,0.0,0.0,1.0,0.0,0.0,0.0,0.0,0.0,1.0,0.0,0.0,0.0,0.0,0.0,0.0,0.0,0.0,64.25
0.8015672396359963,0.23105089710728688,0.11965811965811968,0.7000000000000002,0.28131416837782347,0.7471544715447155,0.42857142857142855,0.0,0.7272727272727273,0.26666666666666666,0.0,0.0,0.0,0.0,0.0,0.0,1.0,0.0,0.0,0.0,0.0,0.0,1.0,0.0,0.0,0.0,0.0,0.0,0.0,1.0,0.0,0.0,1.0,1.0,0.0,0.0,0.0,0.0,0.0,0.0,0.0,0.0,0.0,0.0,0.0,1.0,0.0,0.0,0.0,1.0,0.0,0.0,0.0,0.0,0.0,0.0,0.0,0.0,73.14
0.2742669362992922,0.06261442694983588,0.23931623931623935,0.8500000000000001,0.37782340862423003,0.876829268292683,0.7142857142857142,0.0,0.6363636363636364,0.7333333333333333,0.0,0.0,1.0,0.0,0.0,0.0,0.0,0.0,0.0,0.0,1.0,0.0,0.0,0.0,0.0,0.0,0.0,1.0,0.0,0.0,0.0,0.0,1.0,0.0,0.0,0.0,0.0,0.0,0.0,1.0,0.0,0.0,0.0,0.0,1.0,0.0,0.0,0.0,0.0,0.0,0.0,0.0,0.0,0.0,0.0,0.0,1.0,0.0,71.93
0.16860465116279055,0.11717319663127101,0.05982905982905984,0.8500000000000001,0.595482546201232,0.43130081300813017,0.42857142857142855,0.0,0.9999999999999999,0.3,0.0,0.0,0.0,0.0,0.0,1.0,0.0,0.0,0.0,1.0,0.0,0.0,0.0,0.0,0.0,0.0,0.0,0.0,0.0,1.0,0.0,1.0,0.0,0.0,0.0,0.0,0.0,0.0,0.0,0.0,1.0,0.0,0.0,0.0,0.0,1.0,0.0,0.0,0.0,0.0,0.0,0.0,0.0,0.0,1.0,0.0,0.0,0.0,60.93
0.7479777553083924,0.11644086415232557,0.03418803418803419,0.3999999999999999,0.1190965092402464,0.03495934959349594,1.0,0.0,0.09090909090909091,0.5666666666666667,0.0,0.0,1.0,0.0,0.0,0.0,0.0,0.0,0.0,0.0,0.0,0.0,1.0,0.0,0.0,0.0,0.0,0.0,1.0,0.0,0.0,1.0,0.0,0.0,0.0,0.0,1.0,0.0,0.0,0.0,0.0,0.0,0.0,0.0,0.0,0.0,0.0,0.0,1.0,0.0,0.0,1.0,0.0,0.0,0.0,0.0,0.0,0.0,69.84
0.8048533872598584,0.14060783595752513,0.23931623931623935,0.6499999999999999,0.9897330595482546,0.15487804878048783,0.2857142857142857,0.0,0.09090909090909091,0.9,1.0,0.0,0.0,0.0,0.0,0.0,0.0,0.0,0.0,0.0,0.0,0.0,0.0,1.0,0.0,0.0,1.0,0.0,0.0,0.0,0.0,0.0,1.0,0.0,0.0,0.0,0.0,0.0,0.0,0.0,0.0,1.0,0.0,0.0,0.0,0.0,0.0,1.0,0.0,0.0,0.0,0.0,0.0,0.0,0.0,1.0,0.0,0.0,52.22
0.9906471183013146,0.1274258513365072,0.39316239316239315,0.19999999999999996,0.8706365503080082,0.011788617886178862,0.7857142857142857,0.0,0.4545454545454545,0.5666666666666667,0.0,0.0,0.0,0.0,0.0,0.0,1.0,0.0,0.0,1.0,0.0,0.0,0.0,0.0,0.0,0.0,0.0,0.0,0.0,1.0,0.0,0.0,1.0,0.0,0.0,0.0,0.0,1.0,0.0,0.0,0.0,0.0,0.0,0.0,1.0,0.0,0.0,0.0,0.0,1.0,0.0,0.0,0.0,0.0,0.0,0.0,0.0,0.0,63.89
0.4062184024266937,0.6418894177956793,0.5726495726495727,0.30000000000000004,0.7741273100616016,0.6544715447154471,1.0,0.0,0.5454545454545454,0.16666666666666669,1.0,0.0,0.0,0.0,0.0,0.0,0.0,0.0,0.0,0.0,0.0,0.0,0.0,1.0,0.0,1.0,0.0,0.0,0.0,0.0,0.0,0.0,1.0,0.0,0.0,0.0,0.0,0.0,0.0,1.0,0.0,0.0,0.0,0.0,0.0,0.0,0.0,0.0,1.0,0.0,0.0,0.0,0.0,1.0,0.0,0.0,0.0,0.0,90.83
0.36526794742163804,0.17136580007323365,0.6410256410256411,0.8999999999999999,0.40041067761806987,0.3284552845528456,0.5714285714285714,0.0,0.7272727272727273,0.8666666666666667,0.0,0.0,0.0,1.0,0.0,0.0,0.0,0.0,0.0,0.0,0.0,0.0,1.0,0.0,0.0,0.0,1.0,0.0,0.0,0.0,0.0,1.0,0.0,0.0,0.0,1.0,0.0,0.0,0.0,0.0,0.0,0.0,0.0,0.0,0.0,0.0,0.0,1.0,0.0,0.0,0.0,0.0,0.0,0.0,0.0,0.0,0.0,1.0,64.23
0.7742669362992922,0.3394361039912126,0.37606837606837606,0.0,0.5995893223819302,0.5418699186991871,0.21428571428571427,0.0,0.5454545454545454,0.23333333333333334,0.0,0.0,1.0,0.0,0.0,0.0,0.0,0.0,0.0,0.0,0.0,0.0,0.0,1.0,0.0,0.0,0.0,1.0,0.0,0.0,0.0,1.0,0.0,0.0,0.0,0.0,1.0,0.0,0.0,0.0,0.0,0.0,0.0,0.0,1.0,0.0,0.0,0.0,0.0,0.0,0.0,0.0,1.0,0.0,0.0,0.0,0.0,0.0,90.91
0.333670374115268,0.9044306114976202,0.008547008547008548,0.10000000000000009,0.8973305954825462,0.4918699186991871,0.7142857142857142,0.0,0.4545454545454545,0.7333333333333333,0.0,0.0,0.0,0.0,0.0,0.0,0.0,1.0,0.0,0.0,1.0,0.0,0.0,0.0,0.0,1.0,0.0,0.0,0.0,0.0,0.0,0.0,1.0,0.0,0.0,0.0,0.0,0.0,0.0,1.0,0.0,0.0,0.0,0.0,0.0,0.0,1.0,0.0,0.0,0.0,0.0,0.0,0.0,0.0,1.0,0.0,0.0,0.0,76.58
0.9302325581395352,0.4708897839619186,0.22222222222222224,0.19999999999999996,0.648870636550308,0.07357723577235774,0.14285714285714285,0.0,0.09090909090909091,0.6333333333333333,0.0,0.0,0.0,0.0,0.0,0.0,1.0,0.0,0.0,0.0,0.0,0.0,1.0,0.0,0.0,0.0,1.0,0.0,0.0,0.0,0.0,1.0,0.0,0.0,0.0,0.0,0.0,0.0,0.0,0.0,1.0,0.0,0.0,1.0,0.0,0.0,0.0,0.0,0.0,0.0,0.0,0.0,0.0,1.0,0.0,0.0,0.0,0.0,93.99
0.8571789686552074,0.6693518857561336,0.8034188034188036,0.050000000000000044,0.6139630390143737,0.40040650406504075,1.0,0.0,0.9999999999999999,0.9333333333333333,0.0,1.0,0.0,0.0,0.0,0.0,0.0,0.0,0.0,0.0,0.0,0.0,1.0,0.0,0.0,1.0,0.0,0.0,0.0,0.0,0.0,0.0,1.0,0.0,1.0,0.0,0.0,0.0,0.0,0.0,0.0,0.0,0.0,1.0,0.0,0.0,0.0,0.0,0.0,0.0,0.0,0.0,0.0,0.0,1.0,0.0,0.0,0.0,78.74
0.42290192113245695,0.16147931160746998,0.9743589743589745,0.19999999999999996,0.7002053388090349,0.21463414634146344,0.21428571428571427,0.0,0.09090909090909091,0.7666666666666667,0.0,0.0,0.0,0.0,0.0,1.0,0.0,0.0,0.0,0.0,0.0,0.0,1.0,0.0,0.0,0.0,0.0,1.0,0.0,0.0,0.0,0.0,1.0,0.0,0.0,0.0,0.0,1.0,0.0,0.0,0.0,0.0,0.0,0.0,0.0,0.0,0.0,0.0,1.0,0.0,0.0,0.0,0.0,0.0,0.0,0.0,1.0,0.0,51.48
0.7482305358948436,0.18198462101794233,0.9743589743589745,0.6000000000000001,0.016427104722792605,0.41585365853658546,0.2857142857142857,0.0,0.6363636363636364,0.9999999999999999,0.0,0.0,0.0,0.0,1.0,0.0,0.0,0.0,1.0,0.0,0.0,0.0,0.0,0.0,0.0,0.0,0.0,0.0,1.0,0.0,0.0,0.0,1.0,0.0,0.0,0.0,0.0,0.0,0.0,1.0,0.0,0.0,0.0,0.0,0.0,0.0,0.0,1.0,0.0,1.0,0.0,0.0,0.0,0.0,0.0,0.0,0.0,0.0,83.77
0.752022244691608,0.02673013548150882,0.29914529914529914,0.3999999999999999,0.12114989733059547,0.19756097560975613,0.8571428571428571,0.0,0.9090909090909091,0.4666666666666667,0.0,0.0,0.0,0.0,0.0,0.0,0.0,1.0,1.0,0.0,0.0,0.0,0.0,0.0,0.0,0.0,0.0,1.0,0.0,0.0,0.0,1.0,0.0,1.0,0.0,0.0,0.0,0.0,0.0,0.0,0.0,0.0,0.0,1.0,0.0,0.0,0.0,0.0,0.0,0.0,0.0,0.0,0.0,0.0,0.0,0.0,0.0,1.0,52.24
0.0932760364004046,0.15818381545221571,0.29914529914529914,0.8999999999999999,0.677618069815195,0.8447154471544717,0.3571428571428571,0.0,0.36363636363636365,0.3,0.0,0.0,0.0,0.0,0.0,0.0,0.0,1.0,1.0,0.0,0.0,0.0,0.0,0.0,0.0,0.0,0.0,1.0,0.0,0.0,0.0,0.0,1.0,0.0,0.0,0.0,0.0,0.0,0.0,0.0,0.0,0.0,1.0,0.0,0.0,0.0,0.0,1.0,0.0,0.0,0.0,0.0,0.0,1.0,0.0,0.0,0.0,0.0,72.53
0.9016683518705761,0.2705968509703407,0.2136752136752137,0.7999999999999998,0.45790554414784396,0.167479674796748,0.14285714285714285,0.0,0.9090909090909091,0.03333333333333333,1.0,0.0,0.0,0.0,0.0,0.0,0.0,0.0,0.0,0.0,1.0,0.0,0.0,0.0,0.0,1.0,0.0,0.0,0.0,0.0,0.0,1.0,0.0,0.0,0.0,0.0,0.0,0.0,0.0,0.0,0.0,0.0,1.0,0.0,0.0,0.0,0.0,1.0,0.0,0.0,0.0,0.0,0.0,0.0,1.0,0.0,0.0,0.0,96.47
0.5,0.16660563896008806,0.358974358974359,0.3500000000000001,0.3080082135523614,0.9670731707317074,0.07142857142857142,0.0,0.36363636363636365,0.43333333333333335,0.0,0.0,1.0,0.0,0.0,0.0,0.0,0.0,0.0,1.0,0.0,0.0,0.0,0.0,0.0,0.0,0.0,0.0,0.0,0.0,1.0,1.0,0.0,0.0,0.0,0.0,0.0,1.0,0.0,0.0,0.0,0.0,0.0,0.0,0.0,0.0,0.0,0.0,1.0,0.0,0.0,1.0,0.0,0.0,0.0,0.0,0.0,0.0,58.26
0.8248230535894847,0.07579641157085337,0.22222222222222224,0.25,0.4024640657084189,0.41341463414634155,0.9285714285714285,0.0,0.0,0.6666666666666666,0.0,0.0,0.0,0.0,0.0,0.0,1.0,0.0,0.0,0.0,0.0,0.0,0.0,1.0,0.0,0.0,0.0,0.0,0.0,1.0,0.0,0.0,1.0,0.0,0.0,0.0,0.0,0.0,0.0,0.0,1.0,0.0,0.0,0.0,0.0,0.0,0.0,0.0,1.0,0.0,0.0,0.0,0.0,0.0,0.0,0.0,1.0,0.0,69.49
0.31268958543983816,0.10875137312339822,0.5811965811965812,0.3999999999999999,0.10061601642710472,0.8508130081300814,0.8571428571428571,0.0,0.9090909090909091,0.7666666666666667,0.0,0.0,0.0,0.0,0.0,0.0,1.0,0.0,0.0,0.0,0.0,0.0,0.0,0.0,1.0,0.0,0.0,0.0,0.0,1.0,0.0,0.0,1.0,0.0,0.0,0.0,0.0,0.0,0.0,0.0,0.0,0.0,1.0,0.0,0.0,0.0,0.0,0.0,1.0,0.0,0.0,1.0,0.0,0.0,0.0,0.0,0.0,0.0,86.49
0.8945904954499495,0.4573416331014286,0.1623931623931624,0.6000000000000001,0.5277207392197125,0.6296747967479676,0.21428571428571427,0.0,0.4545454545454545,0.4666666666666667,0.0,0.0,0.0,1.0,0.0,0.0,0.0,0.0,0.0,0.0,0.0,0.0,1.0,0.0,0.0,0.0,0.0,0.0,1.0,0.0,0.0,0.0,1.0,0.0,0.0,0.0,0.0,0.0,0.0,1.0,0.0,0.0,0.0,1.0,0.0,0.0,0.0,0.0,0.0,0.0,0.0,0.0,0.0,0.0,0.0,0.0,0.0,1.0,94.11
0.3827098078867541,0.19663127059685115,0.08547008547008549,0.25,0.11498973305954827,0.7378048780487805,0.2857142857142857,0.0,0.7272727272727273,0.9666666666666667,0.0,0.0,0.0,1.0,0.0,0.0,0.0,0.0,0.0,0.0,0.0,0.0,0.0,1.0,0.0,0.0,0.0,0.0,1.0,0.0,0.0,0.0,1.0,0.0,0.0,1.0,0.0,0.0,0.0,0.0,0.0,0.0,0.0,0.0,0.0,0.0,0.0,0.0,1.0,0.0,0.0,0.0,0.0,1.0,0.0,0.0,0.0,0.0,83.55
0.0,0.3584767484437936,0.623931623931624,0.6000000000000001,0.14168377823408623,0.7707317073170733,0.21428571428571427,0.0,0.1818181818181818,0.9333333333333333,0.0,0.0,0.0,0.0,0.0,1.0,0.0,0.0,0.0,0.0,0.0,0.0,1.0,0.0,0.0,0.0,0.0,0.0,0.0,1.0,0.0,0.0,1.0,0.0,0.0,0.0,0.0,0.0,0.0,0.0,0.0,1.0,0.0,1.0,0.0,0.0,0.0,0.0,0.0,0.0,0.0,0.0,0.0,0.0,0.0,0.0,1.0,0.0,62.91
0.904701718907988,0.5012815818381546,0.8803418803418804,0.3999999999999999,0.29774127310061604,0.5036585365853659,0.9285714285714285,0.0,0.9090909090909091,0.3333333333333333,1.0,0.0,0.0,0.0,0.0,0.0,0.0,0.0,0.0,0.0,1.0,0.0,0.0,0.0,0.0,0.0,0.0,0.0,0.0,0.0,1.0,0.0,1.0,0.0,0.0,0.0,0.0,0.0,0.0,0.0,0.0,1.0,0.0,0.0,0.0,0.0,0.0,0.0,1.0,0.0,0.0,0.0,0.0,1.0,0.0,0.0,0.0,0.0,83.73
0.08139534883720922,0.6927865250823877,0.3162393162393162,0.5499999999999998,0.7104722792607803,0.5426829268292683,0.7142857142857142,0.0,0.0,0.43333333333333335,0.0,0.0,0.0,0.0,0.0,0.0,0.0,1.0,0.0,0.0,0.0,0.0,1.0,0.0,0.0,0.0,0.0,0.0,0.0,1.0,0.0,1.0,0.0,0.0,0.0,0.0,1.0,0.0,0.0,0.0,0.0,0.0,0.0,0.0,0.0,1.0,0.0,0.0,0.0,1.0,0.0,0.0,0.0,0.0,0.0,0.0,0.0,0.0,64.84
0.3119312436804853,0.02526547052361794,0.042735042735042736,0.44999999999999996,0.12320328542094455,0.5130081300813009,0.8571428571428571,0.0,0.6363636363636364,0.9333333333333333,0.0,0.0,0.0,0.0,0.0,0.0,1.0,0.0,1.0,0.0,0.0,0.0,0.0,0.0,0.0,0.0,0.0,0.0,0.0,0.0,1.0,0.0,1.0,0.0,0.0,0.0,0.0,0.0,1.0,0.0,0.0,0.0,0.0,0.0,0.0,0.0,0.0,1.0,0.0,0.0,1.0,0.0,0.0,0.0,0.0,0.0,0.0,0.0,85.92
0.9496966632962591,0.8044672281215672,0.6068376068376069,0.30000000000000004,0.6303901437371663,0.5882113821138212,1.0,0.0,0.7272727272727273,0.6666666666666666,0.0,1.0,0.0,0.0,0.0,0.0,0.0,0.0,0.0,0.0,0.0,0.0,0.0,0.0,1.0,0.0,0.0,0.0,1.0,0.0,0.0,0.0,1.0,0.0,1.0,0.0,0.0,0.0,0.0,0.0,0.0,0.0,0.0,0.0,0.0,0.0,0.0,0.0,1.0,0.0,0.0,0.0,0.0,0.0,0.0,0.0,1.0,0.0,97.7
0.9502022244691606,0.6287074331746614,0.18803418803418806,0.9500000000000002,0.7597535934291582,0.02032520325203252,0.7857142857142857,0.0,0.9999999999999999,0.3333333333333333,1.0,0.0,0.0,0.0,0.0,0.0,0.0,0.0,0.0,0.0,0.0,1.0,0.0,0.0,0.0,0.0,1.0,0.0,0.0,0.0,0.0,0.0,1.0,0.0,0.0,0.0,0.0,1.0,0.0,0.0,0.0,0.0,0.0,0.0,1.0,0.0,0.0,0.0,0.0,0.0,0.0,1.0,0.0,0.0,0.0,0.0,0.0,0.0,86.07
0.5690091001011122,0.0688392530208719,0.39316239316239315,0.75,0.49281314168377827,0.39268292682926836,0.14285714285714285,0.0,0.09090909090909091,0.7,0.0,0.0,0.0,0.0,0.0,1.0,0.0,0.0,0.0,0.0,0.0,0.0,1.0,0.0,0.0,1.0,0.0,0.0,0.0,0.0,0.0,0.0,1.0,0.0,0.0,0.0,1.0,0.0,0.0,0.0,0.0,0.0,0.0,0.0,0.0,0.0,0.0,1.0,0.0,0.0,0.0,0.0,0.0,0.0,0.0,0.0,0.0,1.0,93.14
0.6279069767441858,0.8806298059318931,0.7606837606837608,0.1499999999999999,0.7453798767967146,0.6065040650406505,0.5,0.0,0.9999999999999999,0.13333333333333333,0.0,0.0,0.0,0.0,0.0,1.0,0.0,0.0,0.0,0.0,0.0,0.0,0.0,1.0,0.0,0.0,0.0,0.0,1.0,0.0,0.0,0.0,1.0,0.0,0.0,0.0,0.0,0.0,1.0,0.0,0.0,0.0,0.0,0.0,0.0,0.0,0.0,1.0,0.0,1.0,0.0,0.0,0.0,0.0,0.0,0.0,0.0,0.0,50.11
0.44261880687563204,0.9289637495422927,0.38461538461538464,0.8500000000000001,0.6714579055441479,0.5979674796747968,0.6428571428571428,0.0,0.2727272727272727,0.0,1.0,0.0,0.0,0.0,0.0,0.0,0.0,0.0,1.0,0.0,0.0,0.0,0.0,0.0,0.0,0.0,0.0,0.0,1.0,0.0,0.0,0.0,1.0,0.0,0.0,0.0,0.0,0.0,0.0,0.0,1.0,0.0,0.0,0.0,0.0,0.0,0.0,0.0,1.0,0.0,1.0,0.0,0.0,0.0,0.0,0.0,0.0,0.0,85.88
0.2856420626895857,0.04760161113145367,0.9059829059829061,0.5,0.2135523613963039,0.7963414634146342,0.21428571428571427,0.0,0.7272727272727273,0.6333333333333333,0.0,0.0,0.0,0.0,0.0,1.0,0.0,0.0,0.0,0.0,0.0,1.0,0.0,0.0,0.0,0.0,0.0,1.0,0.0,0.0,0.0,1.0,0.0,1.0,0.0,0.0,0.0,0.0,0.0,0.0,0.0,0.0,0.0,0.0,0.0,0.0,1.0,0.0,0.0,0.0,0.0,0.0,1.0,0.0,0.0,0.0,0.0,0.0,91.48
0.3215369059656221,0.2687660197729773,0.09401709401709403,0.8999999999999999,0.45790554414784396,0.6565040650406504,0.9285714285714285,0.0,0.09090909090909091,0.1,1.0,0.0,0.0,0.0,0.0,0.0,0.0,0.0,0.0,0.0,0.0,0.0,0.0,0.0,1.0,0.0,0.0,1.0,0.0,0.0,0.0,0.0,1.0,1.0,0.0,0.0,0.0,0.0,0.0,0.0,0.0,0.0,0.0,0.0,0.0,0.0,0.0,0.0,1.0,1.0,0.0,0.0,0.0,0.0,0.0,0.0,0.0,0.0,52.03
0.6691102123356929,0.8114243866715487,0.7606837606837608,0.7999999999999998,0.6365503080082136,0.9987804878048782,0.07142857142857142,0.0,0.5454545454545454,0.7666666666666667,0.0,0.0,0.0,0.0,1.0,0.0,0.0,0.0,0.0,0.0,0.0,1.0,0.0,0.0,0.0,0.0,0.0,1.0,0.0,0.0,0.0,1.0,0.0,0.0,1.0,0.0,0.0,0.0,0.0,0.0,0.0,0.0,0.0,0.0,0.0,0.0,0.0,1.0,0.0,0.0,0.0,0.0,0.0,0.0,0.0,0.0,0.0,1.0,93.58
0.7497472194135493,0.7521054558769684,0.10256410256410257,0.44999999999999996,0.4414784394250514,0.27926829268292686,0.07142857142857142,0.0,0.1818181818181818,0.6666666666666666,1.0,0.0,0.0,0.0,0.0,0.0,0.0,0.0,1.0,0.0,0.0,0.0,0.0,0.0,0.0,1.0,0.0,0.0,0.0,0.0,0.0,1.0,0.0,0.0,0.0,0.0,0.0,0.0,0.0,0.0,0.0,0.0,1.0,0.0,1.0,0.0,0.0,0.0,0.0,0.0,0.0,0.0,0.0,0.0,1.0,0.0,0.0,0.0,62.83
0.7894337714863497,0.17429512998901542,0.8803418803418804,0.0,0.86652977412731,0.3556910569105692,0.0,0.0,0.09090909090909091,0.6,0.0,0.0,1.0,0.0,0.0,0.0,0.0,0.0,0.0,1.0,0.0,0.0,0.0,0.0,0.0,0.0,0.0,1.0,0.0,0.0,0.0,0.0,1.0,0.0,0.0,0.0,0.0,0.0,0.0,1.0,0.0,0.0,0.0,0.0,0.0,0.0,0.0,1.0,0.0,0.0,0.0,0.0,0.0,0.0,0.0,0.0,1.0,0.0,83.26
0.7874115267947421,0.1995606005126329,0.5213675213675214,0.25,0.48870636550308016,0.3808943089430895,0.8571428571428571,0.0,0.9999999999999999,0.8,1.0,0.0,0.0,0.0,0.0,0.0,0.0,0.0,0.0,1.0,0.0,0.0,0.0,0.0,0.0,0.0,0.0,0.0,0.0,0.0,1.0,1.0,0.0,0.0,0.0,0.0,1.0,0.0,0.0,0.0,0.0,0.0,0.0,0.0,1.0,0.0,0.0,0.0,0.0,0.0,0.0,0.0,0.0,1.0,0.0,0.0,0.0,0.0,90.02
0.08139534883720922,0.3647015745148301,0.6923076923076924,0.5499999999999998,0.5256673511293635,0.4642276422764229,0.21428571428571427,0.0,0.0,0.03333333333333333,0.0,0.0,0.0,0.0,0.0,1.0,0.0,0.0,0.0,0.0,0.0,1.0,0.0,0.0,0.0,0.0,0.0,0.0,0.0,1.0,0.0,0.0,1.0,0.0,0.0,0.0,1.0,0.0,0.0,0.0,0.0,0.0,0.0,1.0,0.0,0.0,0.0,0.0,0.0,0.0,0.0,0.0,0.0,0.0,0.0,0.0,0.0,1.0,83.13
0.48913043478260887,0.4818747711461002,0.7521367521367522,0.6499999999999999,0.7659137577002053,0.8402439024390244,0.6428571428571428,0.0,0.09090909090909091,0.7333333333333333,0.0,0.0,0.0,0.0,0.0,0.0,1.0,0.0,0.0,0.0,1.0,0.0,0.0,0.0,0.0,0.0,1.0,0.0,0.0,0.0,0.0,1.0,0.0,0.0,0.0,0.0,0.0,1.0,0.0,0.0,0.0,0.0,0.0,0.0,0.0,1.0,0.0,0.0,0.0,0.0,0.0,0.0,0.0,0.0,0.0,0.0,1.0,0.0,54.61
0.04726996966632968,0.6188209447088981,0.8205128205128206,0.25,0.5318275154004106,0.23008130081300815,0.5714285714285714,0.0,0.2727272727272727,0.4666666666666667,0.0,0.0,1.0,0.0,0.0,0.0,0.0,0.0,0.0,0.0,0.0,0.0,0.0,1.0,0.0,0.0,0.0,0.0,1.0,0.0,0.0,0.0,1.0,0.0,0.0,0.0,0.0,1.0,0.0,0.0,0.0,0.0,0.0,0.0,0.0,0.0,0.0,1.0,0.0,0.0,0.0,0.0,0.0,1.0,0.0,0.0,0.0,0.0,79.82
0.5447421638018204,0.3632369095569392,0.9401709401709403,0.1499999999999999,0.004106776180698154,0.7792682926829269,0.9285714285714285,0.0,0.7272727272727273,0.5,0.0,0.0,0.0,0.0,0.0,1.0,0.0,0.0,0.0,0.0,0.0,0.0,0.0,1.0,0.0,0.0,0.0,0.0,0.0,0.0,1.0,1.0,0.0,1.0,0.0,0.0,0.0,0.0,0.0,0.0,0.0,0.0,0.0,0.0,0.0,0.0,0.0,0.0,1.0,0.0,0.0,0.0,0.0,0.0,0.0,1.0,0.0,0.0,77.48
0.43554095045500496,0.459172464298792,0.8803418803418804,0.8500000000000001,0.5297741273100616,0.402439024390244,0.7142857142857142,0.0,0.9090909090909091,0.13333333333333333,0.0,0.0,0.0,1.0,0.0,0.0,0.0,0.0,0.0,0.0,0.0,1.0,0.0,0.0,0.0,0.0,1.0,0.0,0.0,0.0,0.0,1.0,0.0,1.0,0.0,0.0,0.0,0.0,0.0,0.0,0.0,0.0,0.0,1.0,0.0,0.0,0.0,0.0,0.0,0.0,0.0,1.0,0.0,0.0,0.0,0.0,0.0,0.0,95.02
0.8867542972699698,0.751373123398023,0.5042735042735044,1.0,0.10472279260780287,0.602439024390244,0.42857142857142855,0.0,0.5454545454545454,0.26666666666666666,0.0,0.0,0.0,1.0,0.0,0.0,0.0,0.0,0.0,0.0,0.0,0.0,1.0,0.0,0.0,0.0,0.0,0.0,0.0,0.0,1.0,1.0,0.0,0.0,0.0,1.0,0.0,0.0,0.0,0.0,0.0,0.0,0.0,0.0,0.0,1.0,0.0,0.0,0.0,0.0,0.0,0.0,1.0,0.0,0.0,0.0,0.0,0.0,70.21
0.34403437815975746,0.022702306847309117,0.358974358974359,0.5499999999999998,0.09034907597535935,0.6333333333333334,1.0,0.0,0.6363636363636364,0.13333333333333333,0.0,0.0,0.0,0.0,0.0,0.0,1.0,0.0,0.0,0.0,0.0,0.0,1.0,0.0,0.0,0.0,0.0,0.0,0.0,0.0,1.0,1.0,0.0,0.0,0.0,1.0,0.0,0.0,0.0,0.0,0.0,0.0,0.0,0.0,0.0,0.0,0.0,0.0,1.0,1.0,0.0,0.0,0.0,0.0,0.0,0.0,0.0,0.0,66.05
0.10743174924165855,0.24386671548883188,0.6410256410256411,0.1499999999999999,0.4353182751540042,0.36951219512195127,0.7857142857142857,0.0,0.09090909090909091,0.4,0.0,0.0,0.0,0.0,0.0,0.0,1.0,0.0,0.0,0.0,0.0,0.0,0.0,1.0,0.0,0.0,0.0,0.0,1.0,0.0,0.0,0.0,1.0,0.0,0.0,0.0,0.0,0.0,0.0,0.0,0.0,0.0,1.0,0.0,0.0,0.0,1.0,0.0,0.0,0.0,0.0,0.0,0.0,0.0,0.0,0.0,0.0,1.0,87.49
0.13372093023255816,0.7162211644086418,0.9145299145299146,0.25,0.35728952772073924,0.5117886178861789,0.6428571428571428,0.0,0.4545454545454545,0.3,0.0,0.0,1.0,0.0,0.0,0.0,0.0,0.0,0.0,0.0,0.0,0.0,0.0,1.0,0.0,0.0,0.0,0.0,0.0,1.0,0.0,0.0,1.0,0.0,0.0,1.0,0.0,0.0,0.0,0.0,0.0,0.0,0.0,0.0,0.0,0.0,0.0,0.0,1.0,0.0,0.0,0.0,1.0,0.0,0.0,0.0,0.0,0.0,70.63
0.7591001011122347,0.9029659465397288,0.8461538461538463,0.0,0.012320328542094455,0.410569105691057,0.42857142857142855,0.0,0.5454545454545454,0.6333333333333333,0.0,0.0,0.0,0.0,1.0,0.0,0.0,0.0,0.0,1.0,0.0,0.0,0.0,0.0,0.0,0.0,0.0,1.0,0.0,0.0,0.0,0.0,1.0,0.0,0.0,0.0,0.0,0.0,0.0,1.0,0.0,0.0,0.0,0.0,1.0,0.0,0.0,0.0,0.0,0.0,0.0,0.0,0.0,0.0,1.0,0.0,0.0,0.0,82.3
0.6142568250758345,0.5097034053460274,0.9487179487179489,0.8999999999999999,0.1971252566735113,0.060975609756097573,0.8571428571428571,0.0,0.7272727272727273,0.8333333333333334,0.0,0.0,0.0,0.0,0.0,0.0,1.0,0.0,0.0,0.0,1.0,0.0,0.0,0.0,0.0,1.0,0.0,0.0,0.0,0.0,0.0,0.0,1.0,0.0,0.0,0.0,0.0,0.0,0.0,1.0,0.0,0.0,0.0,0.0,1.0,0.0,0.0,0.0,0.0,0.0,0.0,0.0,0.0,0.0,0.0,0.0,1.0,0.0,82.32
0.091253791708797,0.5305748809959727,0.5726495726495727,0.10000000000000009,0.034907597535934295,0.434959349593496,1.0,0.0,0.9999999999999999,0.5,0.0,0.0,0.0,1.0,0.0,0.0,0.0,0.0,1.0,0.0,0.0,0.0,0.0,0.0,0.0,0.0,0.0,0.0,0.0,1.0,0.0,0.0,1.0,0.0,0.0,0.0,1.0,0.0,0.0,0.0,0.0,0.0,0.0,0.0,0.0,0.0,1.0,0.0,0.0,0.0,0.0,0.0,0.0,0.0,0.0,0.0,1.0,0.0,94.4
0.07406471183013141,0.09483705602343484,0.03418803418803419,0.6000000000000001,0.7700205338809035,0.0894308943089431,0.42857142857142855,0.0,0.8181818181818182,0.9666666666666667,1.0,0.0,0.0,0.0,0.0,0.0,0.0,0.0,0.0,0.0,0.0,0.0,1.0,0.0,0.0,1.0,0.0,0.0,0.0,0.0,0.0,0.0,1.0,0.0,0.0,0.0,0.0,0.0,0.0,0.0,0.0,1.0,0.0,1.0,0.0,0.0,0.0,0.0,0.0,0.0,0.0,0.0,0.0,0.0,0.0,0.0,0.0,1.0,79.93
0.6979271991911022,0.44379348224093773,0.3076923076923077,0.25,0.48870636550308016,0.402439024390244,1.0,0.0,0.7272727272727273,0.8666666666666667,0.0,0.0,0.0,0.0,0.0,1.0,0.0,0.0,0.0,0.0,0.0,0.0,0.0,1.0,0.0,0.0,0.0,0.0,1.0,0.0,0.0,1.0,0.0,0.0,0.0,0.0,0.0,0.0,0.0,1.0,0.0,0.0,0.0,0.0,0.0,1.0,0.0,0.0,0.0,0.0,1.0,0.0,0.0,0.0,0.0,0.0,0.0,0.0,75.11
0.06268958543983816,0.5309410472354452,0.6068376068376069,0.5499999999999998,0.1190965092402464,0.593089430894309,0.5,0.0,0.6363636363636364,0.03333333333333333,0.0,0.0,0.0,1.0,0.0,0.0,0.0,0.0,0.0,1.0,0.0,0.0,0.0,0.0,0.0,0.0,0.0,0.0,1.0,0.0,0.0,0.0,1.0,0.0,0.0,0.0,0.0,0.0,1.0,0.0,0.0,0.0,0.0,0.0,0.0,0.0,0.0,0.0,1.0,0.0,1.0,0.0,0.0,0.0,0.0,0.0,0.0,0.0,56.94
0.8200202224469164,0.23361406078359614,0.8974358974358976,0.6499999999999999,0.7720739219712526,0.5796747967479675,0.0,0.0,0.7272727272727273,0.23333333333333334,0.0,0.0,0.0,1.0,0.0,0.0,0.0,0.0,0.0,0.0,0.0,0.0,0.0,0.0,1.0,0.0,0.0,0.0,1.0,0.0,0.0,1.0,0.0,1.0,0.0,0.0,0.0,0.0,0.0,0.0,0.0,0.0,0.0,0.0,1.0,0.0,0.0,0.0,0.0,0.0,0.0,0.0,0.0,0.0,0.0,1.0,0.0,0.0,55.79
0.7032355915065724,0.2610765287440504,0.9572649572649574,0.8500000000000001,1.0000000000000002,0.6642276422764228,0.6428571428571428,0.0,0.5454545454545454,0.23333333333333334,0.0,0.0,0.0,0.0,1.0,0.0,0.0,0.0,0.0,1.0,0.0,0.0,0.0,0.0,0.0,0.0,1.0,0.0,0.0,0.0,0.0,0.0,1.0,0.0,0.0,0.0,0.0,1.0,0.0,0.0,0.0,0.0,0.0,1.0,0.0,0.0,0.0,0.0,0.0,0.0,0.0,1.0,0.0,0.0,0.0,0.0,0.0,0.0,57.72
0.07128412537917095,0.37165873306481156,0.7777777777777779,0.19999999999999996,0.8542094455852156,0.08739837398373984,0.8571428571428571,0.0,0.8181818181818182,0.7,0.0,0.0,1.0,0.0,0.0,0.0,0.0,0.0,0.0,0.0,0.0,0.0,1.0,0.0,0.0,1.0,0.0,0.0,0.0,0.0,0.0,1.0,0.0,0.0,0.0,1.0,0.0,0.0,0.0,0.0,0.0,0.0,0.0,0.0,0.0,0.0,1.0,0.0,0.0,0.0,0.0,0.0,0.0,1.0,0.0,0.0,0.0,0.0,58.59
0.07482305358948449,0.00549249359209103,0.2564102564102564,0.0,0.35934291581108835,0.6532520325203253,0.6428571428571428,0.0,0.5454545454545454,0.9999999999999999,0.0,0.0,1.0,0.0,0.0,0.0,0.0,0.0,0.0,0.0,0.0,0.0,1.0,0.0,0.0,0.0,0.0,0.0,0.0,1.0,0.0,1.0,0.0,0.0,0.0,0.0,1.0,0.0,0.0,0.0,0.0,0.0,0.0,0.0,0.0,0.0,0.0,1.0,0.0,0.0,0.0,0.0,0.0,0.0,1.0,0.0,0.0,0.0,81.89
0.9868554095045501,0.3152691321860126,0.06837606837606838,0.1499999999999999,0.6878850102669405,0.3077235772357724,0.5,0.0,0.5454545454545454,0.8333333333333334,0.0,0.0,0.0,0.0,0.0,0.0,0.0,1.0,0.0,1.0,0.0,0.0,0.0,0.0,0.0,0.0,0.0,0.0,0.0,1.0,0.0,0.0,1.0,0.0,1.0,0.0,0.0,0.0,0.0,0.0,0.0,0.0,0.0,0.0,1.0,0.0,0.0,0.0,0.0,0.0,0.0,0.0,1.0,0.0,0.0,0.0,0.0,0.0,87.05
0.3675429726996966,0.20175759794946924,1.0000000000000002,0.8999999999999999,0.12114989733059547,0.3963414634146342,0.21428571428571427,0.0,0.6363636363636364,0.7666666666666667,0.0,0.0,0.0,0.0,1.0,0.0,0.0,0.0,1.0,0.0,0.0,0.0,0.0,0.0,0.0,0.0,0.0,0.0,0.0,0.0,1.0,0.0,1.0,0.0,0.0,0.0,0.0,1.0,0.0,0.0,0.0,0.0,0.0,0.0,0.0,0.0,1.0,0.0,0.0,0.0,1.0,0.0,0.0,0.0,0.0,0.0,0.0,0.0,76.5
0.3640040444893833,0.32076162577810363,0.4273504273504274,0.8500000000000001,0.29158110882956884,0.8626016260162602,0.21428571428571427,0.0,0.9999999999999999,0.06666666666666668,1.0,0.0,0.0,0.0,0.0,0.0,0.0,0.0,0.0,0.0,0.0,1.0,0.0,0.0,0.0,0.0,0.0,0.0,0.0,0.0,1.0,1.0,0.0,0.0,0.0,0.0,0.0,0.0,1.0,0.0,0.0,0.0,0.0,0.0,0.0,0.0,0.0,0.0,1.0,0.0,0.0,0.0,0.0,0.0,0.0,1.0,0.0,0.0,91.45
0.8109201213346817,0.10765287440497984,0.23931623931623935,0.6000000000000001,0.4373716632443532,0.0,0.21428571428571427,0.0,0.09090909090909091,0.7,0.0,0.0,1.0,0.0,0.0,0.0,0.0,0.0,0.0,0.0,0.0,0.0,1.0,0.0,0.0,0.0,0.0,0.0,0.0,0.0,1.0,0.0,1.0,0.0,0.0,1.0,0.0,0.0,0.0,0.0,0.0,0.0,0.0,0.0,0.0,1.0,0.0,0.0,0.0,0.0,0.0,0.0,0.0,0.0,0.0,1.0,0.0,0.0,99.56
0.9469160768452984,0.8978396191871116,0.6581196581196582,0.6000000000000001,0.0,0.5886178861788619,0.3571428571428571,0.0,0.8181818181818182,0.16666666666666669,0.0,0.0,0.0,0.0,0.0,1.0,0.0,0.0,0.0,1.0,0.0,0.0,0.0,0.0,0.0,0.0,0.0,0.0,1.0,0.0,0.0,0.0,1.0,0.0,0.0,0.0,0.0,0.0,1.0,0.0,0.0,0.0,0.0,0.0,1.0,0.0,0.0,0.0,0.0,0.0,0.0,0.0,0.0,0.0,0.0,0.0,0.0,1.0,91.0
0.9860970677451975,0.5935554741852807,0.3333333333333333,0.6499999999999999,0.322381930184805,0.5991869918699188,0.42857142857142855,0.0,0.6363636363636364,0.1,0.0,0.0,0.0,0.0,0.0,0.0,1.0,0.0,0.0,0.0,0.0,0.0,0.0,1.0,0.0,0.0,0.0,0.0,0.0,1.0,0.0,0.0,1.0,1.0,0.0,0.0,0.0,0.0,0.0,0.0,0.0,0.0,0.0,0.0,1.0,0.0,0.0,0.0,0.0,0.0,0.0,0.0,0.0,0.0,1.0,0.0,0.0,0.0,84.74
0.7510111223458038,0.6810692054192606,0.3418803418803419,0.19999999999999996,0.45995893223819306,0.3939024390243903,0.3571428571428571,0.0,0.7272727272727273,0.23333333333333334,0.0,0.0,0.0,0.0,1.0,0.0,0.0,0.0,0.0,1.0,0.0,0.0,0.0,0.0,0.0,1.0,0.0,0.0,0.0,0.0,0.0,0.0,1.0,1.0,0.0,0.0,0.0,0.0,0.0,0.0,0.0,0.0,0.0,0.0,0.0,0.0,0.0,0.0,1.0,0.0,0.0,0.0,0.0,1.0,0.0,0.0,0.0,0.0,76.62
0.36956521739130443,0.7942145734163311,0.7264957264957266,0.8999999999999999,0.9917864476386037,0.23170731707317077,0.0,0.0,0.5454545454545454,0.16666666666666669,0.0,0.0,0.0,0.0,0.0,0.0,1.0,0.0,0.0,0.0,1.0,0.0,0.0,0.0,0.0,0.0,0.0,0.0,1.0,0.0,0.0,0.0,1.0,0.0,0.0,0.0,0.0,0.0,0.0,0.0,0.0,0.0,1.0,0.0,0.0,0.0,0.0,1.0,0.0,0.0,0.0,1.0,0.0,0.0,0.0,0.0,0.0,0.0,72.44
0.07355915065722973,0.49615525448553655,0.08547008547008549,0.3999999999999999,0.5462012320328542,0.22926829268292687,0.7857142857142857,0.0,0.09090909090909091,0.3,0.0,0.0,0.0,1.0,0.0,0.0,0.0,0.0,0.0,0.0,0.0,1.0,0.0,0.0,0.0,0.0,1.0,0.0,0.0,0.0,0.0,0.0,1.0,0.0,0.0,0.0,1.0,0.0,0.0,0.0,0.0,0.0,0.0,1.0,0.0,0.0,0.0,0.0,0.0,1.0,0.0,0.0,0.0,0.0,0.0,0.0,0.0,0.0,54.22
0.7750252780586453,0.07396558037348999,0.18803418803418806,0.3999999999999999,0.24024640657084187,0.8886178861788618,0.5,0.0,0.4545454545454545,0.13333333333333333,0.0,0.0,0.0,0.0,0.0,1.0,0.0,0.0,0.0,0.0,0.0,0.0,0.0,0.0,1.0,0.0,0.0,0.0,0.0,0.0,1.0,0.0,1.0,0.0,0.0,0.0,0.0,1.0,0.0,0.0,0.0,0.0,0.0,0.0,0.0,1.0,0.0,0.0,0.0,0.0,0.0,0.0,0.0,0.0,0.0,0.0,0.0,1.0,69.97
0.5538422649140546,0.5357012083485908,0.0,0.5,0.7761806981519507,0.43983739837398383,0.8571428571428571,0.0,0.0,0.4666666666666667,0.0,0.0,0.0,0.0,0.0,1.0,0.0,0.0,1.0,0.0,0.0,0.0,0.0,0.0,0.0,0.0,0.0,0.0,1.0,0.0,0.0,0.0,1.0,0.0,0.0,0.0,0.0,0.0,0.0,0.0,1.0,0.0,0.0,0.0,1.0,0.0,0.0,0.0,0.0,0.0,0.0,0.0,0.0,1.0,0.0,0.0,0.0,0.0,95.51
0.4180990899898889,0.5865983156352987,0.38461538461538464,0.050000000000000044,0.17659137577002054,0.326829268292683,0.6428571428571428,0.0,0.8181818181818182,0.8666666666666667,0.0,0.0,0.0,1.0,0.0,0.0,0.0,0.0,0.0,0.0,0.0,0.0,0.0,0.0,1.0,0.0,0.0,0.0,1.0,0.0,0.0,1.0,0.0,0.0,0.0,0.0,0.0,0.0,0.0,0.0,1.0,0.0,0.0,0.0,0.0,1.0,0.0,0.0,0.0,1.0,0.0,0.0,0.0,0.0,0.0,0.0,0.0,0.0,90.4
0.9054600606673411,0.7491761259611867,0.8547008547008548,0.1499999999999999,0.6694045174537988,0.4467479674796749,1.0,0.0,0.1818181818181818,0.13333333333333333,0.0,0.0,0.0,0.0,1.0,0.0,0.0,0.0,0.0,0.0,0.0,1.0,0.0,0.0,0.0,0.0,1.0,0.0,0.0,0.0,0.0,0.0,1.0,0.0,0.0,0.0,0.0,1.0,0.0,0.0,0.0,0.0,0.0,0.0,1.0,0.0,0.0,0.0,0.0,1.0,0.0,0.0,0.0,0.0,0.0,0.0,0.0,0.0,60.8
0.10161779575328622,0.427682167704138,0.17094017094017097,0.75,0.13347022587268995,0.6707317073170732,0.7142857142857142,0.0,0.9999999999999999,0.3,0.0,0.0,0.0,1.0,0.0,0.0,0.0,0.0,0.0,0.0,0.0,1.0,0.0,0.0,0.0,0.0,0.0,1.0,0.0,0.0,0.0,1.0,0.0,0.0,1.0,0.0,0.0,0.0,0.0,0.0,0.0,0.0,0.0,0.0,0.0,1.0,0.0,0.0,0.0,0.0,0.0,0.0,0.0,0.0,1.0,0.0,0.0,0.0,73.33
0.487360970677452,0.11570853167337969,0.7606837606837608,0.10000000000000009,0.811088295687885,0.13861788617886184,0.8571428571428571,0.0,0.9090909090909091,0.7,0.0,0.0,0.0,0.0,0.0,0.0,1.0,0.0,0.0,0.0,0.0,1.0,0.0,0.0,0.0,0.0,0.0,0.0,0.0,1.0,0.0,0.0,1.0,0.0,0.0,0.0,1.0,0.0,0.0,0.0,0.0,0.0,0.0,0.0,0.0,0.0,1.0,0.0,0.0,0.0,0.0,0.0,0.0,0.0,1.0,0.0,0.0,0.0,90.84
0.0005055611729021248,0.2760893445624317,0.9316239316239318,0.6000000000000001,0.7268993839835729,0.44756097560975616,0.42857142857142855,0.0,0.0,0.26666666666666666,0.0,0.0,0.0,0.0,0.0,0.0,0.0,1.0,0.0,0.0,0.0,0.0,0.0,0.0,1.0,1.0,0.0,0.0,0.0,0.0,0.0,0.0,1.0,0.0,0.0,0.0,0.0,0.0,1.0,0.0,0.0,0.0,0.0,0.0,1.0,0.0,0.0,0.0,0.0,0.0,0.0,0.0,1.0,0.0,0.0,0.0,0.0,0.0,53.37
0.46309403437815977,0.3573782497253757,0.29914529914529914,0.25,0.19507186858316222,0.5882113821138212,0.3571428571428571,0.0,0.9999999999999999,0.26666666666666666,0.0,0.0,0.0,0.0,0.0,1.0,0.0,0.0,0.0,0.0,0.0,0.0,0.0,1.0,0.0,0.0,0.0,1.0,0.0,0.0,0.0,0.0,1.0,0.0,1.0,0.0,0.0,0.0,0.0,0.0,0.0,0.0,0.0,0.0,0.0,1.0,0.0,0.0,0.0,0.0,0.0,0.0,0.0,0.0,0.0,1.0,0.0,0.0,69.37
0.046006066734074924,0.6473819113877703,0.452991452991453,0.3999999999999999,0.5420944558521561,0.9544715447154473,0.3571428571428571,0.0,0.36363636363636365,0.23333333333333334,0.0,1.0,0.0,0.0,0.0,0.0,0.0,0.0,0.0,0.0,0.0,1.0,0.0,0.0,0.0,0.0,0.0,0.0,0.0,0.0,1.0,0.0,1.0,0.0,0.0,0.0,0.0,0.0,0.0,0.0,0.0,1.0,0.0,1.0,0.0,0.0,0.0,0.0,0.0,0.0,0.0,0.0,0.0,1.0,0.0,0.0,0.0,0.0,92.59
0.10920121334681498,0.5701208348590265,0.7350427350427351,0.30000000000000004,0.20944558521560575,0.24715447154471548,0.2857142857142857,0.0,0.36363636363636365,0.4666666666666667,0.0,1.0,0.0,0.0,0.0,0.0,0.0,0.0,0.0,1.0,0.0,0.0,0.0,0.0,0.0,0.0,0.0,0.0,1.0,0.0,0.0,0.0,1.0,0.0,0.0,0.0,0.0,1.0,0.0,0.0,0.0,0.0,0.0,0.0,0.0,0.0,1.0,0.0,0.0,0.0,0.0,0.0,0.0,0.0,0.0,0.0,0.0,1.0,70.19
0.10793731041456023,0.3500549249359213,0.47863247863247865,0.3500000000000001,0.8973305954825462,0.3556910569105692,0.3571428571428571,0.0,0.1818181818181818,0.06666666666666668,0.0,0.0,0.0,0.0,0.0,0.0,1.0,0.0,0.0,0.0,0.0,0.0,0.0,0.0,1.0,0.0,1.0,0.0,0.0,0.0,0.0,0.0,1.0,0.0,0.0,0.0,0.0,0.0,1.0,0.0,0.0,0.0,0.0,0.0,0.0,0.0,1.0,0.0,0.0,0.0,0.0,0.0,0.0,0.0,0.0,0.0,1.0,0.0,53.88
0.6456016177957533,0.9963383376052732,0.0,0.7000000000000002,0.6570841889117043,0.3760162601626017,0.7857142857142857,0.0,0.36363636363636365,0.5666666666666667,1.0,0.0,0.0,0.0,0.0,0.0,0.0,0.0,0.0,0.0,0.0,1.0,0.0,0.0,0.0,0.0,1.0,0.0,0.0,0.0,0.0,0.0,1.0,0.0,0.0,0.0,0.0,0.0,0.0,0.0,1.0,0.0,0.0,1.0,0.0,0.0,0.0,0.0,0.0,0.0,0.0,0.0,0.0,0.0,0.0,0.0,0.0,1.0,77.13
0.7434277047522753,0.6060051263273527,0.52991452991453,0.30000000000000004,0.24640657084188913,0.6060975609756099,0.5714285714285714,0.0,0.1818181818181818,0.6666666666666666,0.0,0.0,1.0,0.0,0.0,0.0,0.0,0.0,0.0,1.0,0.0,0.0,0.0,0.0,0.0,0.0,0.0,0.0,0.0,1.0,0.0,0.0,1.0,0.0,0.0,0.0,0.0,0.0,0.0,1.0,0.0,0.0,0.0,0.0,0.0,1.0,0.0,0.0,0.0,0.0,0.0,0.0,1.0,0.0,0.0,0.0,0.0,0.0,93.09
0.5788675429726999,0.22812156719150511,0.452991452991453,0.5499999999999998,0.971252566735113,0.3532520325203253,0.6428571428571428,0.0,0.4545454545454545,0.3333333333333333,0.0,0.0,0.0,1.0,0.0,0.0,0.0,0.0,0.0,0.0,0.0,0.0,0.0,1.0,0.0,0.0,0.0,1.0,0.0,0.0,0.0,0.0,1.0,0.0,0.0,0.0,0.0,0.0,0.0,0.0,0.0,0.0,1.0,0.0,0.0,0.0,0.0,0.0,1.0,0.0,0.0,1.0,0.0,0.0,0.0,0.0,0.0,0.0,79.51
0.962082912032356,0.08934456243134381,0.46153846153846156,0.5,0.053388090349075976,0.5329268292682927,0.5714285714285714,0.0,0.8181818181818182,0.4666666666666667,0.0,0.0,0.0,1.0,0.0,0.0,0.0,0.0,0.0,0.0,1.0,0.0,0.0,0.0,0.0,0.0,0.0,0.0,0.0,1.0,0.0,0.0,1.0,0.0,0.0,0.0,0.0,0.0,0.0,0.0,1.0,0.0,0.0,1.0,0.0,0.0,0.0,0.0,0.0,0.0,0.0,0.0,0.0,0.0,0.0,1.0,0.0,0.0,61.31
0.3680485338725985,0.14170633467594307,0.9743589743589745,0.6499999999999999,0.2751540041067762,0.784959349593496,1.0,0.0,0.7272727272727273,0.5333333333333333,1.0,0.0,0.0,0.0,0.0,0.0,0.0,0.0,0.0,0.0,0.0,0.0,0.0,1.0,0.0,0.0,0.0,0.0,1.0,0.0,0.0,0.0,1.0,0.0,0.0,0.0,1.0,0.0,0.0,0.0,0.0,0.0,0.0,0.0,0.0,1.0,0.0,0.0,0.0,0.0,0.0,0.0,0.0,0.0,0.0,0.0,1.0,0.0,69.21
0.27805864509605693,0.23727572317832335,0.3333333333333333,0.9500000000000002,0.3942505133470226,0.7073170731707318,0.6428571428571428,0.0,0.6363636363636364,0.5666666666666667,1.0,0.0,0.0,0.0,0.0,0.0,0.0,0.0,0.0,0.0,0.0,1.0,0.0,0.0,0.0,0.0,0.0,0.0,0.0,1.0,0.0,1.0,0.0,1.0,0.0,0.0,0.0,0.0,0.0,0.0,0.0,0.0,0.0,1.0,0.0,0.0,0.0,0.0,0.0,0.0,1.0,0.0,0.0,0.0,0.0,0.0,0.0,0.0,72.51
0.8672901921132459,0.14976199194434292,0.11965811965811968,0.75,0.8336755646817249,0.444308943089431,0.5,0.0,0.09090909090909091,0.3,0.0,0.0,0.0,0.0,0.0,0.0,1.0,0.0,0.0,0.0,0.0,0.0,0.0,0.0,1.0,1.0,0.0,0.0,0.0,0.0,0.0,0.0,1.0,0.0,0.0,0.0,0.0,0.0,0.0,1.0,0.0,0.0,0.0,1.0,0.0,0.0,0.0,0.0,0.0,0.0,0.0,1.0,0.0,0.0,0.0,0.0,0.0,0.0,78.96
0.21511627906976738,0.1761259611863788,0.17094017094017097,0.19999999999999996,0.45790554414784396,0.8691056910569106,0.6428571428571428,0.0,0.0,0.9,0.0,0.0,0.0,0.0,0.0,0.0,1.0,0.0,0.0,0.0,0.0,0.0,1.0,0.0,0.0,0.0,1.0,0.0,0.0,0.0,0.0,0.0,1.0,0.0,0.0,0.0,0.0,0.0,0.0,0.0,0.0,0.0,1.0,0.0,1.0,0.0,0.0,0.0,0.0,0.0,0.0,0.0,0.0,0.0,1.0,0.0,0.0,0.0,87.97
0.9630940343781598,0.2771878432808501,0.39316239316239315,0.050000000000000044,0.675564681724846,0.5577235772357724,0.5714285714285714,0.0,0.36363636363636365,0.43333333333333335,1.0,0.0,0.0,0.0,0.0,0.0,0.0,0.0,0.0,0.0,0.0,1.0,0.0,0.0,0.0,0.0,1.0,0.0,0.0,0.0,0.0,1.0,0.0,0.0,0.0,0.0,0.0,0.0,0.0,0.0,0.0,0.0,1.0,0.0,0.0,1.0,0.0,0.0,0.0,1.0,0.0,0.0,0.0,0.0,0.0,0.0,0.0,0.0,54.94
0.0015166835187059302,0.16257781032588792,0.6153846153846155,0.25,0.3429158110882957,0.5394308943089431,0.8571428571428571,0.0,0.5454545454545454,0.6,0.0,0.0,0.0,0.0,0.0,1.0,0.0,0.0,0.0,0.0,0.0,0.0,1.0,0.0,0.0,0.0,0.0,0.0,0.0,0.0,1.0,0.0,1.0,0.0,0.0,0.0,0.0,0.0,0.0,0.0,0.0,1.0,0.0,0.0,0.0,0.0,0.0,0.0,1.0,0.0,1.0,0.0,0.0,0.0,0.0,0.0,0.0,0.0,94.48
0.9699191102123357,0.9044306114976202,0.4444444444444445,0.6000000000000001,0.012320328542094455,0.02520325203252033,0.6428571428571428,0.0,0.9090909090909091,0.7333333333333333,0.0,0.0,0.0,0.0,0.0,0.0,1.0,0.0,0.0,1.0,0.0,0.0,0.0,0.0,0.0,0.0,0.0,0.0,0.0,0.0,1.0,0.0,1.0,0.0,0.0,0.0,0.0,0.0,0.0,0.0,0.0,1.0,0.0,0.0,1.0,0.0,0.0,0.0,0.0,0.0,0.0,0.0,0.0,0.0,0.0,0.0,0.0,1.0,50.62
0.03286147623862479,0.06737458806298102,0.06837606837606838,0.050000000000000044,0.944558521560575,0.9934959349593498,0.5,0.0,0.7272727272727273,0.7666666666666667,0.0,0.0,0.0,0.0,0.0,0.0,0.0,1.0,0.0,0.0,1.0,0.0,0.0,0.0,0.0,0.0,0.0,0.0,1.0,0.0,0.0,1.0,0.0,0.0,0.0,1.0,0.0,0.0,0.0,0.0,0.0,0.0,0.0,1.0,0.0,0.0,0.0,0.0,0.0,0.0,0.0,0.0,0.0,0.0,0.0,0.0,0.0,1.0,68.5
0.8902932254802836,0.5228853899670454,0.623931623931624,0.5,0.07597535934291581,0.11544715447154473,0.5,0.0,0.09090909090909091,0.03333333333333333,0.0,0.0,0.0,0.0,0.0,0.0,1.0,0.0,1.0,0.0,0.0,0.0,0.0,0.0,0.0,1.0,0.0,0.0,0.0,0.0,0.0,0.0,1.0,0.0,0.0,0.0,0.0,0.0,0.0,0.0,1.0,0.0,0.0,0.0,0.0,0.0,0.0,1.0,0.0,0.0,0.0,0.0,0.0,0.0,1.0,0.0,0.0,0.0,51.37
0.5227502527805865,0.40571219333577435,0.4358974358974359,0.6000000000000001,0.045174537987679675,0.22560975609756104,0.0,0.0,0.09090909090909091,0.5333333333333333,0.0,0.0,0.0,1.0,0.0,0.0,0.0,0.0,0.0,0.0,0.0,0.0,0.0,1.0,0.0,0.0,0.0,1.0,0.0,0.0,0.0,0.0,1.0,0.0,0.0,0.0,0.0,0.0,0.0,0.0,1.0,0.0,0.0,1.0,0.0,0.0,0.0,0.0,0.0,0.0,0.0,0.0,1.0,0.0,0.0,0.0,0.0,0.0,69.65
0.9931749241658241,0.9923105089710731,0.47863247863247865,0.3500000000000001,0.5297741273100616,0.04308943089430895,0.6428571428571428,0.0,0.1818181818181818,0.03333333333333333,0.0,0.0,0.0,0.0,0.0,0.0,1.0,0.0,0.0,0.0,1.0,0.0,0.0,0.0,0.0,0.0,0.0,0.0,0.0,1.0,0.0,0.0,1.0,0.0,0.0,0.0,0.0,0.0,0.0,0.0,1.0,0.0,0.0,1.0,0.0,0.0,0.0,0.0,0.0,0.0,0.0,0.0,0.0,1.0,0.0,0.0,0.0,0.0,76.29
0.06370070778564219,0.09996338337605293,0.9914529914529915,0.75,0.8049281314168378,0.6410569105691057,0.7142857142857142,0.0,0.6363636363636364,0.06666666666666668,0.0,0.0,0.0,0.0,0.0,1.0,0.0,0.0,0.0,0.0,0.0,1.0,0.0,0.0,0.0,0.0,0.0,0.0,1.0,0.0,0.0,0.0,1.0,0.0,0.0,1.0,0.0,0.0,0.0,0.0,0.0,0.0,0.0,0.0,0.0,1.0,0.0,0.0,0.0,0.0,1.0,0.0,0.0,0.0,0.0,0.0,0.0,0.0,75.58
0.5490394337714868,0.39289637495422935,0.2136752136752137,0.10000000000000009,0.9034907597535934,0.2191056910569106,0.2857142857142857,0.0,0.8181818181818182,0.6,1.0,0.0,0.0,0.0,0.0,0.0,0.0,0.0,0.0,0.0,0.0,0.0,1.0,0.0,0.0,0.0,0.0,0.0,0.0,0.0,1.0,0.0,1.0,0.0,1.0,0.0,0.0,0.0,0.0,0.0,0.0,0.0,0.0,0.0,0.0,1.0,0.0,0.0,0.0,0.0,1.0,0.0,0.0,0.0,0.0,0.0,0.0,0.0,58.28
0.969160768452983,0.9791285243500552,0.3418803418803419,0.10000000000000009,0.45790554414784396,0.17357723577235776,0.21428571428571427,0.0,0.2727272727272727,0.23333333333333334,0.0,0.0,0.0,1.0,0.0,0.0,0.0,0.0,0.0,0.0,0.0,0.0,0.0,1.0,0.0,0.0,0.0,0.0,0.0,1.0,0.0,0.0,1.0,0.0,0.0,0.0,0.0,0.0,0.0,0.0,0.0,0.0,1.0,0.0,1.0,0.0,0.0,0.0,0.0,0.0,0.0,1.0,0.0,0.0,0.0,0.0,0.0,0.0,82.29
0.5179474216380182,0.8722079824240208,0.2905982905982906,0.75,0.9630390143737166,0.08048780487804878,0.07142857142857142,0.0,0.4545454545454545,0.6333333333333333,0.0,0.0,0.0,0.0,0.0,0.0,1.0,0.0,0.0,0.0,0.0,0.0,1.0,0.0,0.0,0.0,0.0,0.0,0.0,0.0,1.0,0.0,1.0,0.0,0.0,0.0,0.0,0.0,0.0,1.0,0.0,0.0,0.0,0.0,0.0,0.0,0.0,0.0,1.0,0.0,0.0,0.0,0.0,0.0,0.0,1.0,0.0,0.0,52.24
0.6256319514661275,0.8227755400952033,0.52991452991453,0.5,0.24845995893223818,0.09552845528455287,0.5,0.0,0.9999999999999999,0.8,0.0,0.0,0.0,0.0,0.0,1.0,0.0,0.0,0.0,0.0,0.0,0.0,0.0,0.0,1.0,0.0,0.0,0.0,0.0,1.0,0.0,0.0,1.0,0.0,0.0,0.0,1.0,0.0,0.0,0.0,0.0,0.0,0.0,0.0,1.0,0.0,0.0,0.0,0.0,0.0,0.0,1.0,0.0,0.0,0.0,0.0,0.0,0.0,88.1
0.692618806875632,0.2493592090809229,0.9829059829059831,0.7000000000000002,0.944558521560575,0.5849593495934959,0.14285714285714285,0.0,0.6363636363636364,0.0,0.0,0.0,0.0,0.0,0.0,0.0,0.0,1.0,0.0,0.0,0.0,0.0,1.0,0.0,0.0,0.0,0.0,1.0,0.0,0.0,0.0,1.0,0.0,0.0,0.0,0.0,0.0,0.0,0.0,0.0,0.0,0.0,1.0,0.0,0.0,0.0,1.0,0.0,0.0,0.0,0.0,0.0,0.0,1.0,0.0,0.0,0.0,0.0,97.33
0.4486855409504553,0.1600146466495791,0.20512820512820515,0.44999999999999996,0.07186858316221766,0.6902439024390244,0.21428571428571427,0.0,0.09090909090909091,0.1,0.0,0.0,0.0,0.0,0.0,0.0,1.0,0.0,0.0,0.0,0.0,0.0,0.0,0.0,1.0,0.0,0.0,0.0,1.0,0.0,0.0,1.0,0.0,0.0,0.0,0.0,0.0,0.0,0.0,0.0,0.0,1.0,0.0,1.0,0.0,0.0,0.0,0.0,0.0,0.0,0.0,0.0,0.0,0.0,0.0,0.0,0.0,1.0,66.99
0.6236097067745199,0.6704503844745515,0.7606837606837608,0.25,0.6673511293634496,0.39430894308943093,0.7857142857142857,0.0,0.6363636363636364,0.43333333333333335,0.0,0.0,0.0,0.0,0.0,1.0,0.0,0.0,0.0,1.0,0.0,0.0,0.0,0.0,0.0,0.0,0.0,0.0,0.0,1.0,0.0,0.0,1.0,0.0,0.0,0.0,0.0,0.0,1.0,0.0,0.0,0.0,0.0,0.0,0.0,0.0,0.0,1.0,0.0,0.0,0.0,0.0,0.0,0.0,0.0,0.0,0.0,1.0,75.86
0.5798786653185037,0.9377517392896375,0.6324786324786326,0.7999999999999998,0.5092402464065708,0.47845528455284564,0.42857142857142855,0.0,0.2727272727272727,0.3,0.0,0.0,0.0,0.0,0.0,0.0,0.0,1.0,0.0,0.0,0.0,0.0,0.0,1.0,0.0,1.0,0.0,0.0,0.0,0.0,0.0,0.0,1.0,1.0,0.0,0.0,0.0,0.0,0.0,0.0,0.0,0.0,0.0,1.0,0.0,0.0,0.0,0.0,0.0,0.0,0.0,0.0,0.0,0.0,0.0,0.0,0.0,1.0,68.95
0.9004044489383216,0.5558403515195902,0.3162393162393162,0.7999999999999998,0.7926078028747433,0.6878048780487805,0.6428571428571428,0.0,0.36363636363636365,0.3,1.0,0.0,0.0,0.0,0.0,0.0,0.0,0.0,0.0,0.0,0.0,0.0,0.0,1.0,0.0,0.0,1.0,0.0,0.0,0.0,0.0,0.0,1.0,0.0,0.0,1.0,0.0,0.0,0.0,0.0,0.0,0.0,0.0,1.0,0.0,0.0,0.0,0.0,0.0,0.0,0.0,0.0,0.0,0.0,0.0,0.0,0.0,1.0,50.34
0.03513650151668357,0.5712193335774445,0.008547008547008548,0.7000000000000002,0.3552361396303902,0.008130081300813009,0.5714285714285714,0.0,0.7272727272727273,0.4,0.0,0.0,0.0,0.0,0.0,0.0,1.0,0.0,1.0,0.0,0.0,0.0,0.0,0.0,0.0,1.0,0.0,0.0,0.0,0.0,0.0,0.0,1.0,0.0,0.0,0.0,0.0,1.0,0.0,0.0,0.0,0.0,0.0,0.0,1.0,0.0,0.0,0.0,0.0,0.0,0.0,0.0,0.0,1.0,0.0,0.0,0.0,0.0,69.29
0.2732558139534884,0.2720615159282316,0.051282051282051294,0.25,0.17864476386036962,0.3191056910569106,0.07142857142857142,0.0,0.0,0.13333333333333333,0.0,0.0,0.0,0.0,0.0,0.0,0.0,1.0,0.0,0.0,0.0,1.0,0.0,0.0,0.0,1.0,0.0,0.0,0.0,0.0,0.0,0.0,1.0,0.0,0.0,0.0,0.0,0.0,1.0,0.0,0.0,0.0,0.0,0.0,0.0,0.0,0.0,1.0,0.0,0.0,0.0,0.0,0.0,0.0,1.0,0.0,0.0,0.0,89.59
0.9502022244691606,0.7740754302453317,0.6923076923076924,0.6000000000000001,0.8193018480492813,0.9796747967479675,0.14285714285714285,0.0,0.6363636363636364,0.13333333333333333,0.0,0.0,0.0,1.0,0.0,0.0,0.0,0.0,0.0,0.0,0.0,0.0,0.0,0.0,1.0,0.0,1.0,0.0,0.0,0.0,0.0,0.0,1.0,0.0,0.0,0.0,1.0,0.0,0.0,0.0,0.0,0.0,0.0,0.0,0.0,0.0,0.0,1.0,0.0,0.0,0.0,0.0,0.0,0.0,0.0,1.0,0.0,0.0,79.8
0.8892821031344793,0.17685829366532424,0.7692307692307694,0.3500000000000001,0.9260780287474333,0.5800813008130081,0.21428571428571427,0.0,0.7272727272727273,0.3333333333333333,1.0,0.0,0.0,0.0,0.0,0.0,0.0,0.0,1.0,0.0,0.0,0.0,0.0,0.0,0.0,1.0,0.0,0.0,0.0,0.0,0.0,1.0,0.0,0.0,0.0,0.0,0.0,0.0,0.0,0.0,1.0,0.0,0.0,0.0,0.0,0.0,0.0,1.0,0.0,0.0,0.0,0.0,0.0,1.0,0.0,0.0,0.0,0.0,55.06
0.4499494438827101,0.3167337971439035,0.28205128205128205,0.10000000000000009,0.06981519507186858,0.24918699186991877,0.6428571428571428,0.0,0.9999999999999999,0.7666666666666667,0.0,0.0,0.0,1.0,0.0,0.0,0.0,0.0,0.0,0.0,0.0,0.0,1.0,0.0,0.0,0.0,0.0,0.0,0.0,1.0,0.0,0.0,1.0,0.0,0.0,0.0,0.0,0.0,0.0,0.0,0.0,1.0,0.0,0.0,1.0,0.0,0.0,0.0,0.0,0.0,0.0,0.0,0.0,0.0,0.0,1.0,0.0,0.0,92.36
0.6162790697674421,0.4210911753936286,0.7692307692307694,0.8999999999999999,0.6427104722792608,0.5207317073170732,0.0,0.0,0.8181818181818182,0.26666666666666666,0.0,1.0,0.0,0.0,0.0,0.0,0.0,0.0,0.0,0.0,0.0,0.0,1.0,0.0,0.0,0.0,0.0,0.0,0.0,1.0,0.0,0.0,1.0,0.0,0.0,0.0,0.0,0.0,0.0,0.0,0.0,1.0,0.0,1.0,0.0,0.0,0.0,0.0,0.0,0.0,0.0,0.0,0.0,1.0,0.0,0.0,0.0,0.0,76.55
0.2697168857431749,0.5053094104723543,0.13675213675213677,0.1499999999999999,0.3552361396303902,0.3390243902439025,0.42857142857142855,0.0,0.5454545454545454,0.8,0.0,0.0,0.0,0.0,1.0,0.0,0.0,0.0,1.0,0.0,0.0,0.0,0.0,0.0,0.0,0.0,0.0,0.0,0.0,1.0,0.0,0.0,1.0,0.0,0.0,0.0,0.0,0.0,0.0,0.0,0.0,1.0,0.0,0.0,1.0,0.0,0.0,0.0,0.0,0.0,0.0,0.0,0.0,0.0,0.0,0.0,0.0,1.0,92.09
0.17922143579373095,0.23361406078359614,0.358974358974359,0.9500000000000002,0.9404517453798767,0.5317073170731708,0.07142857142857142,0.0,0.0,0.4666666666666667,0.0,0.0,0.0,0.0,0.0,0.0,1.0,0.0,0.0,0.0,0.0,0.0,0.0,1.0,0.0,0.0,1.0,0.0,0.0,0.0,0.0,0.0,1.0,0.0,0.0,0.0,0.0,0.0,0.0,0.0,1.0,0.0,0.0,0.0,0.0,1.0,0.0,0.0,0.0,0.0,0.0,0.0,0.0,0.0,1.0,0.0,0.0,0.0,79.01
0.4580384226491405,0.10289271329183469,0.4957264957264958,0.44999999999999996,0.5770020533880903,0.11829268292682928,0.2857142857142857,0.0,0.9999999999999999,0.3333333333333333,0.0,0.0,0.0,0.0,0.0,0.0,0.0,1.0,0.0,0.0,0.0,0.0,1.0,0.0,0.0,1.0,0.0,0.0,0.0,0.0,0.0,1.0,0.0,0.0,0.0,0.0,0.0,1.0,0.0,0.0,0.0,0.0,0.0,0.0,0.0,1.0,0.0,0.0,0.0,0.0,1.0,0.0,0.0,0.0,0.0,0.0,0.0,0.0,77.98
0.346309403437816,0.6111314536799708,0.9145299145299146,0.19999999999999996,0.9240246406570842,0.125609756097561,1.0,0.0,0.09090909090909091,0.3333333333333333,0.0,0.0,0.0,0.0,1.0,0.0,0.0,0.0,0.0,1.0,0.0,0.0,0.0,0.0,0.0,0.0,1.0,0.0,0.0,0.0,0.0,0.0,1.0,0.0,0.0,1.0,0.0,0.0,0.0,0.0,0.0,0.0,0.0,0.0,1.0,0.0,0.0,0.0,0.0,0.0,0.0,1.0,0.0,0.0,0.0,0.0,0.0,0.0,55.26
0.5793731041456014,0.28084950567557687,0.4273504273504274,0.5499999999999998,0.9404517453798767,0.13658536585365857,0.0,0.0,0.4545454545454545,0.8666666666666667,0.0,0.0,0.0,0.0,1.0,0.0,0.0,0.0,0.0,1.0,0.0,0.0,0.0,0.0,0.0,0.0,0.0,0.0,0.0,1.0,0.0,1.0,0.0,0.0,0.0,0.0,0.0,0.0,1.0,0.0,0.0,0.0,0.0,0.0,0.0,0.0,0.0,1.0,0.0,1.0,0.0,0.0,0.0,0.0,0.0,0.0,0.0,0.0,58.37
0.06774519716885741,0.5807396558037352,0.452991452991453,0.8500000000000001,0.16016427104722794,0.9459349593495936,0.14285714285714285,0.0,0.1818181818181818,0.06666666666666668,0.0,0.0,0.0,0.0,0.0,0.0,0.0,1.0,1.0,0.0,0.0,0.0,0.0,0.0,0.0,1.0,0.0,0.0,0.0,0.0,0.0,0.0,1.0,0.0,0.0,0.0,0.0,0.0,0.0,0.0,1.0,0.0,0.0,1.0,0.0,0.0,0.0,0.0,0.0,0.0,0.0,0.0,0.0,0.0,1.0,0.0,0.0,0.0,98.6
0.9744691607684532,0.14317099963383395,0.1965811965811966,0.75,0.22792607802874745,0.7353658536585367,0.7857142857142857,0.0,0.9999999999999999,0.5333333333333333,1.0,0.0,0.0,0.0,0.0,0.0,0.0,0.0,0.0,0.0,0.0,0.0,0.0,0.0,1.0,1.0,0.0,0.0,0.0,0.0,0.0,0.0,1.0,0.0,0.0,0.0,1.0,0.0,0.0,0.0,0.0,0.0,0.0,0.0,1.0,0.0,0.0,0.0,0.0,0.0,1.0,0.0,0.0,0.0,0.0,0.0,0.0,0.0,61.42
0.9863498483316482,0.47821310875137346,0.20512820512820515,0.7999999999999998,0.07597535934291581,0.15569105691056911,0.07142857142857142,0.0,0.6363636363636364,0.5666666666666667,0.0,0.0,0.0,0.0,0.0,0.0,1.0,0.0,0.0,0.0,0.0,0.0,0.0,0.0,1.0,0.0,0.0,0.0,0.0,0.0,1.0,0.0,1.0,0.0,0.0,1.0,0.0,0.0,0.0,0.0,0.0,0.0,0.0,0.0,1.0,0.0,0.0,0.0,0.0,0.0,0.0,0.0,1.0,0.0,0.0,0.0,0.0,0.0,98.87
0.695146612740142,0.5309410472354452,0.5982905982905984,0.6499999999999999,0.6119096509240246,0.18211382113821142,0.0,0.0,0.6363636363636364,0.9,0.0,1.0,0.0,0.0,0.0,0.0,0.0,0.0,1.0,0.0,0.0,0.0,0.0,0.0,0.0,0.0,0.0,0.0,0.0,0.0,1.0,0.0,1.0,0.0,0.0,0.0,1.0,0.0,0.0,0.0,0.0,0.0,0.0,0.0,1.0,0.0,0.0,0.0,0.0,0.0,0.0,0.0,0.0,1.0,0.0,0.0,0.0,0.0,76.6
0.5310920121334681,0.03808128890516338,0.4358974358974359,0.7000000000000002,0.45379876796714586,0.7333333333333334,0.42857142857142855,0.0,0.09090909090909091,0.6666666666666666,0.0,0.0,0.0,1.0,0.0,0.0,0.0,0.0,0.0,0.0,0.0,0.0,0.0,0.0,1.0,0.0,0.0,1.0,0.0,0.0,0.0,0.0,1.0,0.0,0.0,1.0,0.0,0.0,0.0,0.0,0.0,0.0,0.0,0.0,0.0,0.0,1.0,0.0,0.0,0.0,0.0,0.0,1.0,0.0,0.0,0.0,0.0,0.0,56.79
0.30207280080889776,0.3299157817649214,0.5897435897435899,0.8500000000000001,0.6468172484599589,0.14918699186991874,0.2857142857142857,0.0,0.2727272727272727,0.13333333333333333,0.0,0.0,0.0,0.0,0.0,1.0,0.0,0.0,0.0,0.0,0.0,0.0,0.0,1.0,0.0,0.0,0.0,0.0,1.0,0.0,0.0,1.0,0.0,0.0,0.0,0.0,0.0,1.0,0.0,0.0,0.0,0.0,0.0,0.0,0.0,1.0,0.0,0.0,0.0,0.0,1.0,0.0,0.0,0.0,0.0,0.0,0.0,0.0,54.97
0.8119312436804855,0.12266569022336204,0.9914529914529915,0.25,0.7104722792607803,0.22886178861788622,0.0,0.0,0.6363636363636364,0.26666666666666666,0.0,0.0,0.0,1.0,0.0,0.0,0.0,0.0,0.0,0.0,0.0,0.0,0.0,1.0,0.0,0.0,0.0,0.0,0.0,0.0,1.0,0.0,1.0,1.0,0.0,0.0,0.0,0.0,0.0,0.0,0.0,0.0,0.0,0.0,0.0,0.0,0.0,1.0,0.0,0.0,0.0,0.0,0.0,0.0,1.0,0.0,0.0,0.0,60.44
0.6814964610717897,0.04979860856828999,0.7435897435897437,0.5,0.2299794661190965,0.9695121951219513,0.3571428571428571,0.0,0.6363636363636364,0.5666666666666667,0.0,0.0,0.0,0.0,0.0,1.0,0.0,0.0,0.0,0.0,0.0,0.0,0.0,0.0,1.0,0.0,1.0,0.0,0.0,0.0,0.0,0.0,1.0,0.0,0.0,0.0,1.0,0.0,0.0,0.0,0.0,0.0,0.0,0.0,0.0,0.0,0.0,0.0,1.0,0.0,0.0,0.0,0.0,1.0,0.0,0.0,0.0,0.0,96.28
0.15343781597573303,1.0,0.27350427350427353,0.19999999999999996,0.3757700205338809,0.25000000000000006,0.2857142857142857,0.0,0.6363636363636364,0.7666666666666667,0.0,0.0,0.0,1.0,0.0,0.0,0.0,0.0,0.0,1.0,0.0,0.0,0.0,0.0,0.0,0.0,0.0,0.0,0.0,0.0,1.0,0.0,1.0,0.0,0.0,0.0,0.0,0.0,0.0,0.0,1.0,0.0,0.0,0.0,0.0,0.0,0.0,1.0,0.0,1.0,0.0,0.0,0.0,0.0,0.0,0.0,0.0,0.0,70.71
0.9102628918099089,0.31563529842548554,0.4102564102564103,1.0,0.6570841889117043,0.6630081300813009,1.0,0.0,0.36363636363636365,0.7,0.0,0.0,0.0,0.0,0.0,0.0,0.0,1.0,0.0,0.0,0.0,0.0,0.0,0.0,1.0,0.0,0.0,1.0,0.0,0.0,0.0,0.0,1.0,0.0,0.0,1.0,0.0,0.0,0.0,0.0,0.0,0.0,0.0,0.0,0.0,0.0,0.0,0.0,1.0,0.0,0.0,0.0,0.0,0.0,0.0,0.0,0.0,1.0,69.77
0.820778564206269,0.8154522153057493,0.23931623931623935,0.9500000000000002,0.10882956878850103,0.9853658536585367,0.14285714285714285,0.0,0.4545454545454545,0.6,0.0,1.0,0.0,0.0,0.0,0.0,0.0,0.0,0.0,0.0,0.0,0.0,0.0,1.0,0.0,1.0,0.0,0.0,0.0,0.0,0.0,0.0,1.0,0.0,0.0,0.0,0.0,0.0,0.0,0.0,0.0,1.0,0.0,0.0,0.0,0.0,1.0,0.0,0.0,0.0,0.0,0.0,0.0,1.0,0.0,0.0,0.0,0.0,65.66
0.949443882709808,0.2460637129256682,0.52991452991453,0.050000000000000044,0.07597535934291581,0.3711382113821139,0.7857142857142857,0.0,0.0,0.9333333333333333,0.0,0.0,0.0,0.0,0.0,0.0,1.0,0.0,0.0,0.0,1.0,0.0,0.0,0.0,0.0,0.0,0.0,1.0,0.0,0.0,0.0,1.0,0.0,0.0,0.0,0.0,0.0,0.0,0.0,0.0,0.0,0.0,1.0,0.0,1.0,0.0,0.0,0.0,0.0,0.0,0.0,0.0,0.0,1.0,0.0,0.0,0.0,0.0,57.35
0.7229524772497475,0.6836323690955695,0.9059829059829061,0.7000000000000002,0.7207392197125256,0.008536585365853661,0.42857142857142855,0.0,0.09090909090909091,0.13333333333333333,0.0,0.0,0.0,0.0,0.0,1.0,0.0,0.0,0.0,0.0,0.0,1.0,0.0,0.0,0.0,1.0,0.0,0.0,0.0,0.0,0.0,1.0,0.0,0.0,0.0,0.0,0.0,0.0,0.0,0.0,0.0,1.0,0.0,0.0,0.0,0.0,1.0,0.0,0.0,0.0,0.0,0.0,0.0,0.0,1.0,0.0,0.0,0.0,74.39
0.6094539939332662,0.7645551080190409,0.17948717948717952,0.9500000000000002,0.07597535934291581,0.23861788617886182,0.7142857142857142,0.0,0.0,0.4,0.0,0.0,0.0,0.0,0.0,0.0,1.0,0.0,0.0,0.0,0.0,0.0,1.0,0.0,0.0,1.0,0.0,0.0,0.0,0.0,0.0,1.0,0.0,0.0,1.0,0.0,0.0,0.0,0.0,0.0,0.0,0.0,0.0,0.0,0.0,0.0,1.0,0.0,0.0,0.0,0.0,0.0,0.0,0.0,1.0,0.0,0.0,0.0,56.5
0.4120323559150658,0.595752471622117,0.2136752136752137,0.19999999999999996,0.7063655030800822,0.834959349593496,0.6428571428571428,0.0,0.4545454545454545,0.23333333333333334,0.0,0.0,0.0,0.0,0.0,0.0,1.0,0.0,0.0,0.0,1.0,0.0,0.0,0.0,0.0,0.0,0.0,0.0,1.0,0.0,0.0,0.0,1.0,1.0,0.0,0.0,0.0,0.0,0.0,0.0,0.0,0.0,0.0,1.0,0.0,0.0,0.0,0.0,0.0,0.0,1.0,0.0,0.0,0.0,0.0,0.0,0.0,0.0,91.77
0.9322548028311428,0.46832662028561023,0.2307692307692308,0.5499999999999998,0.9404517453798767,0.8695121951219513,0.5714285714285714,0.0,0.9090909090909091,0.7,0.0,0.0,0.0,0.0,0.0,0.0,1.0,0.0,0.0,0.0,0.0,0.0,0.0,0.0,1.0,0.0,0.0,0.0,0.0,0.0,1.0,0.0,1.0,1.0,0.0,0.0,0.0,0.0,0.0,0.0,0.0,0.0,0.0,0.0,0.0,1.0,0.0,0.0,0.0,0.0,0.0,0.0,0.0,0.0,0.0,0.0,1.0,0.0,68.52
0.8647623862487364,0.4071768582936657,0.9658119658119659,0.8999999999999999,0.48049281314168385,0.7715447154471545,0.9285714285714285,0.0,0.5454545454545454,0.13333333333333333,0.0,0.0,1.0,0.0,0.0,0.0,0.0,0.0,0.0,1.0,0.0,0.0,0.0,0.0,0.0,0.0,1.0,0.0,0.0,0.0,0.0,0.0,1.0,0.0,0.0,0.0,0.0,0.0,0.0,0.0,0.0,1.0,0.0,0.0,0.0,0.0,0.0,0.0,1.0,0.0,0.0,0.0,0.0,1.0,0.0,0.0,0.0,0.0,68.74
0.03488372093023262,0.3427316001464664,0.7179487179487181,0.050000000000000044,0.5872689938398358,0.10569105691056913,0.8571428571428571,0.0,0.6363636363636364,0.9666666666666667,1.0,0.0,0.0,0.0,0.0,0.0,0.0,0.0,1.0,0.0,0.0,0.0,0.0,0.0,0.0,0.0,1.0,0.0,0.0,0.0,0.0,0.0,1.0,0.0,0.0,0.0,0.0,0.0,1.0,0.0,0.0,0.0,0.0,0.0,1.0,0.0,0.0,0.0,0.0,0.0,0.0,1.0,0.0,0.0,0.0,0.0,0.0,0.0,73.7
0.01567239635995943,0.9381179055291105,0.4102564102564103,0.7000000000000002,0.5318275154004106,0.7991869918699188,0.8571428571428571,0.0,0.1818181818181818,0.8333333333333334,0.0,0.0,0.0,1.0,0.0,0.0,0.0,0.0,0.0,0.0,0.0,0.0,0.0,0.0,1.0,0.0,0.0,0.0,0.0,1.0,0.0,1.0,0.0,0.0,0.0,0.0,0.0,1.0,0.0,0.0,0.0,0.0,0.0,0.0,0.0,0.0,0.0,0.0,1.0,0.0,0.0,0.0,0.0,1.0,0.0,0.0,0.0,0.0,72.21
0.3698179979777554,0.8366898571951671,0.5982905982905984,0.30000000000000004,0.4373716632443532,0.9243902439024391,0.5714285714285714,0.0,0.8181818181818182,0.3,0.0,0.0,0.0,0.0,0.0,0.0,1.0,0.0,0.0,1.0,0.0,0.0,0.0,0.0,0.0,1.0,0.0,0.0,0.0,0.0,0.0,0.0,1.0,0.0,0.0,0.0,1.0,0.0,0.0,0.0,0.0,0.0,0.0,0.0,0.0,0.0,0.0,1.0,0.0,0.0,1.0,0.0,0.0,0.0,0.0,0.0,0.0,0.0,99.74
0.8086450960566229,0.9743683632369096,0.6837606837606839,0.8999999999999999,0.295687885010267,0.6012195121951219,0.9285714285714285,0.0,0.1818181818181818,0.16666666666666669,0.0,0.0,0.0,1.0,0.0,0.0,0.0,0.0,0.0,0.0,0.0,1.0,0.0,0.0,0.0,0.0,1.0,0.0,0.0,0.0,0.0,0.0,1.0,0.0,0.0,0.0,0.0,0.0,0.0,0.0,1.0,0.0,0.0,0.0,0.0,0.0,0.0,0.0,1.0,0.0,0.0,0.0,0.0,0.0,0.0,1.0,0.0,0.0,77.27
0.987360970677452,0.11241303551812543,0.7094017094017095,0.9500000000000002,0.6837782340862423,0.9467479674796748,0.5714285714285714,0.0,0.4545454545454545,0.5666666666666667,0.0,0.0,0.0,0.0,0.0,0.0,1.0,0.0,0.0,0.0,0.0,0.0,0.0,0.0,1.0,0.0,0.0,0.0,1.0,0.0,0.0,0.0,1.0,1.0,0.0,0.0,0.0,0.0,0.0,0.0,0.0,0.0,0.0,0.0,0.0,0.0,0.0,1.0,0.0,0.0,0.0,0.0,1.0,0.0,0.0,0.0,0.0,0.0,54.41
0.14130434782608692,0.7341633101428049,0.8888888888888891,0.9500000000000002,0.33880903490759756,0.8308943089430896,0.07142857142857142,0.0,0.09090909090909091,0.43333333333333335,0.0,0.0,0.0,0.0,0.0,1.0,0.0,0.0,0.0,0.0,0.0,0.0,0.0,1.0,0.0,1.0,0.0,0.0,0.0,0.0,0.0,0.0,1.0,0.0,0.0,0.0,0.0,0.0,0.0,0.0,0.0,1.0,0.0,0.0,0.0,1.0,0.0,0.0,0.0,0.0,0.0,0.0,0.0,0.0,0.0,0.0,0.0,1.0,80.34
0.5899898887765418,0.9469058952764557,0.4102564102564103,0.44999999999999996,0.18275154004106778,0.6682926829268294,0.14285714285714285,0.0,0.1818181818181818,0.03333333333333333,1.0,0.0,0.0,0.0,0.0,0.0,0.0,0.0,1.0,0.0,0.0,0.0,0.0,0.0,0.0,0.0,0.0,0.0,1.0,0.0,0.0,0.0,1.0,0.0,0.0,0.0,0.0,0.0,0.0,0.0,0.0,1.0,0.0,0.0,0.0,0.0,0.0,1.0,0.0,0.0,0.0,0.0,0.0,0.0,0.0,0.0,1.0,0.0,57.58
0.3743680485338725,0.17063346759428777,0.1623931623931624,0.8500000000000001,0.7186858316221766,0.5772357723577236,0.42857142857142855,0.0,0.36363636363636365,0.4,1.0,0.0,0.0,0.0,0.0,0.0,0.0,0.0,0.0,1.0,0.0,0.0,0.0,0.0,0.0,0.0,1.0,0.0,0.0,0.0,0.0,0.0,1.0,0.0,0.0,0.0,0.0,1.0,0.0,0.0,0.0,0.0,0.0,0.0,0.0,0.0,0.0,0.0,1.0,1.0,0.0,0.0,0.0,0.0,0.0,0.0,0.0,0.0,51.55
0.9699191102123357,0.0530941047235447,1.0000000000000002,0.8500000000000001,0.11498973305954827,0.34471544715447167,0.2857142857142857,0.0,0.8181818181818182,0.3,0.0,0.0,0.0,0.0,0.0,0.0,0.0,1.0,0.0,1.0,0.0,0.0,0.0,0.0,0.0,0.0,1.0,0.0,0.0,0.0,0.0,0.0,1.0,0.0,0.0,0.0,0.0,1.0,0.0,0.0,0.0,0.0,0.0,0.0,0.0,0.0,0.0,0.0,1.0,1.0,0.0,0.0,0.0,0.0,0.0,0.0,0.0,0.0,98.54
0.8404954499494441,0.744782131087514,0.7264957264957266,0.30000000000000004,0.11498973305954827,0.15243902439024393,0.07142857142857142,0.0,0.0,0.9,0.0,0.0,1.0,0.0,0.0,0.0,0.0,0.0,0.0,1.0,0.0,0.0,0.0,0.0,0.0,0.0,0.0,0.0,0.0,1.0,0.0,0.0,1.0,0.0,0.0,0.0,0.0,0.0,0.0,1.0,0.0,0.0,0.0,0.0,0.0,0.0,0.0,1.0,0.0,1.0,0.0,0.0,0.0,0.0,0.0,0.0,0.0,0.0,88.68
0.8367037411526796,0.5741486634932262,0.7777777777777779,0.8500000000000001,0.6180698151950719,0.6052845528455285,0.14285714285714285,0.0,0.2727272727272727,0.5333333333333333,0.0,0.0,0.0,0.0,0.0,0.0,0.0,1.0,0.0,0.0,0.0,1.0,0.0,0.0,0.0,0.0,1.0,0.0,0.0,0.0,0.0,0.0,1.0,0.0,0.0,0.0,0.0,0.0,0.0,1.0,0.0,0.0,0.0,0.0,0.0,0.0,1.0,0.0,0.0,0.0,0.0,0.0,0.0,0.0,1.0,0.0,0.0,0.0,99.01
0.46309403437815977,0.8480410106188208,0.52991452991453,0.050000000000000044,0.34086242299794667,0.3138211382113822,0.6428571428571428,0.0,0.09090909090909091,0.4,0.0,0.0,0.0,0.0,0.0,0.0,0.0,1.0,0.0,0.0,0.0,0.0,0.0,0.0,1.0,1.0,0.0,0.0,0.0,0.0,0.0,1.0,0.0,0.0,0.0,0.0,0.0,0.0,1.0,0.0,0.0,0.0,0.0,0.0,0.0,1.0,0.0,0.0,0.0,1.0,0.0,0.0,0.0,0.0,0.0,0.0,0.0,0.0,73.89
0.4084934277047525,0.1281581838154522,0.5128205128205129,0.6000000000000001,0.5462012320328542,0.8711382113821139,0.3571428571428571,0.0,0.9999999999999999,0.13333333333333333,0.0,0.0,0.0,0.0,0.0,0.0,0.0,1.0,0.0,0.0,0.0,1.0,0.0,0.0,0.0,1.0,0.0,0.0,0.0,0.0,0.0,1.0,0.0,0.0,0.0,0.0,0.0,0.0,1.0,0.0,0.0,0.0,0.0,1.0,0.0,0.0,0.0,0.0,0.0,0.0,0.0,0.0,0.0,0.0,0.0,0.0,0.0,1.0,76.61
0.26567239635995965,0.8004393994873675,0.8803418803418804,0.25,0.7392197125256673,1.0000000000000002,0.8571428571428571,0.0,0.8181818181818182,0.3666666666666667,0.0,0.0,0.0,0.0,0.0,0.0,0.0,1.0,0.0,0.0,0.0,0.0,1.0,0.0,0.0,1.0,0.0,0.0,0.0,0.0,0.0,1.0,0.0,0.0,1.0,0.0,0.0,0.0,0.0,0.0,0.0,0.0,0.0,0.0,1.0,0.0,0.0,0.0,0.0,0.0,0.0,0.0,1.0,0.0,0.0,0.0,0.0,0.0,58.42
0.046258847320525875,0.191871109483706,0.4102564102564103,0.10000000000000009,0.08624229979466119,0.7552845528455284,0.42857142857142855,0.0,0.9090909090909091,0.8333333333333334,0.0,0.0,0.0,0.0,0.0,0.0,0.0,1.0,0.0,0.0,0.0,0.0,1.0,0.0,0.0,0.0,0.0,0.0,0.0,1.0,0.0,1.0,0.0,0.0,0.0,0.0,0.0,0.0,1.0,0.0,0.0,0.0,0.0,0.0,0.0,0.0,0.0,0.0,1.0,1.0,0.0,0.0,0.0,0.0,0.0,0.0,0.0,0.0,62.35
0.8634984833164814,0.15269132186012468,0.5982905982905984,0.10000000000000009,0.702258726899384,0.08252032520325203,0.5714285714285714,0.0,0.36363636363636365,0.2,0.0,1.0,0.0,0.0,0.0,0.0,0.0,0.0,0.0,0.0,0.0,0.0,0.0,0.0,1.0,0.0,0.0,0.0,0.0,1.0,0.0,0.0,1.0,0.0,0.0,1.0,0.0,0.0,0.0,0.0,0.0,0.0,0.0,0.0,1.0,0.0,0.0,0.0,0.0,0.0,0.0,0.0,0.0,1.0,0.0,0.0,0.0,0.0,91.93
0.8111729019211324,0.15342365433907013,0.0,0.7000000000000002,0.36550308008213556,0.28414634146341466,0.0,0.0,0.9999999999999999,0.4,1.0,0.0,0.0,0.0,0.0,0.0,0.0,0.0,0.0,0.0,0.0,0.0,0.0,1.0,0.0,0.0,1.0,0.0,0.0,0.0,0.0,0.0,1.0,0.0,0.0,0.0,0.0,1.0,0.0,0.0,0.0,0.0,0.0,1.0,0.0,0.0,0.0,0.0,0.0,0.0,0.0,0.0,0.0,1.0,0.0,0.0,0.0,0.0,67.81
1.0,0.8202123764188944,0.8119658119658121,0.3500000000000001,0.3429158110882957,0.10162601626016261,0.7142857142857142,0.0,0.6363636363636364,0.5666666666666667,0.0,0.0,0.0,0.0,0.0,0.0,0.0,1.0,0.0,0.0,0.0,1.0,0.0,0.0,0.0,0.0,0.0,1.0,0.0,0.0,0.0,0.0,1.0,0.0,0.0,0.0,0.0,0.0,0.0,0.0,1.0,0.0,0.0,0.0,1.0,0.0,0.0,0.0,0.0,0.0,0.0,0.0,0.0,0.0,1.0,0.0,0.0,0.0,91.34
0.9969666329625886,0.6671548883192973,0.10256410256410257,0.7000000000000002,0.7248459958932238,0.6516260162601627,0.42857142857142855,0.0,0.5454545454545454,0.23333333333333334,0.0,0.0,0.0,0.0,0.0,0.0,1.0,0.0,1.0,0.0,0.0,0.0,0.0,0.0,0.0,0.0,0.0,1.0,0.0,0.0,0.0,0.0,1.0,0.0,0.0,1.0,0.0,0.0,0.0,0.0,0.0,0.0,0.0,1.0,0.0,0.0,0.0,0.0,0.0,0.0,0.0,0.0,0.0,0.0,0.0,0.0,0.0,1.0,85.45
0.5508088978766432,0.5214207250091545,0.7948717948717949,0.050000000000000044,0.38603696098562634,0.7682926829268293,0.5,0.0,0.6363636363636364,0.3666666666666667,1.0,0.0,0.0,0.0,0.0,0.0,0.0,0.0,0.0,1.0,0.0,0.0,0.0,0.0,0.0,0.0,0.0,0.0,0.0,1.0,0.0,1.0,0.0,0.0,0.0,0.0,1.0,0.0,0.0,0.0,0.0,0.0,0.0,0.0,0.0,0.0,0.0,1.0,0.0,0.0,0.0,0.0,1.0,0.0,0.0,0.0,0.0,0.0,58.86
0.7666835187057637,0.35298425485170304,0.7350427350427351,0.30000000000000004,0.31211498973305957,0.9313008130081302,0.7857142857142857,0.0,0.8181818181818182,0.26666666666666666,1.0,0.0,0.0,0.0,0.0,0.0,0.0,0.0,0.0,1.0,0.0,0.0,0.0,0.0,0.0,0.0,1.0,0.0,0.0,0.0,0.0,0.0,1.0,0.0,0.0,0.0,0.0,0.0,0.0,0.0,0.0,1.0,0.0,0.0,0.0,0.0,1.0,0.0,0.0,0.0,0.0,0.0,0.0,0.0,0.0,0.0,1.0,0.0,75.37
0.9443882709807889,0.8842914683266208,0.4273504273504274,0.5499999999999998,0.8603696098562629,0.4357723577235773,0.9285714285714285,0.0,0.2727272727272727,0.9666666666666667,0.0,0.0,0.0,0.0,1.0,0.0,0.0,0.0,0.0,0.0,0.0,0.0,0.0,0.0,1.0,0.0,0.0,1.0,0.0,0.0,0.0,1.0,0.0,0.0,0.0,0.0,0.0,0.0,1.0,0.0,0.0,0.0,0.0,0.0,0.0,0.0,0.0,0.0,1.0,0.0,1.0,0.0,0.0,0.0,0.0,0.0,0.0,0.0,83.87
0.8483316481294239,0.3874038813621383,0.47008547008547014,0.7999999999999998,0.3798767967145791,0.9065040650406505,0.14285714285714285,0.0,0.2727272727272727,0.8,0.0,1.0,0.0,0.0,0.0,0.0,0.0,0.0,0.0,0.0,0.0,0.0,0.0,1.0,0.0,0.0,1.0,0.0,0.0,0.0,0.0,0.0,1.0,0.0,0.0,0.0,0.0,0.0,0.0,0.0,0.0,1.0,0.0,1.0,0.0,0.0,0.0,0.0,0.0,0.0,0.0,0.0,1.0,0.0,0.0,0.0,0.0,0.0,61.75
0.23913043478260887,0.8220432076162578,0.7008547008547009,0.30000000000000004,0.008213552361396304,0.8829268292682927,0.21428571428571427,0.0,0.6363636363636364,0.6333333333333333,0.0,0.0,0.0,0.0,0.0,0.0,0.0,1.0,0.0,0.0,0.0,0.0,1.0,0.0,0.0,0.0,1.0,0.0,0.0,0.0,0.0,0.0,1.0,1.0,0.0,0.0,0.0,0.0,0.0,0.0,0.0,0.0,0.0,0.0,1.0,0.0,0.0,0.0,0.0,0.0,1.0,0.0,0.0,0.0,0.0,0.0,0.0,0.0,91.53
0.44464105156723965,0.43537165873306494,0.5213675213675214,0.6499999999999999,0.2669404517453799,0.31300813008130085,0.6428571428571428,0.0,0.7272727272727273,0.4666666666666667,0.0,0.0,0.0,1.0,0.0,0.0,0.0,0.0,0.0,0.0,0.0,0.0,1.0,0.0,0.0,0.0,1.0,0.0,0.0,0.0,0.0,0.0,1.0,0.0,1.0,0.0,0.0,0.0,0.0,0.0,0.0,0.0,0.0,0.0,0.0,0.0,0.0,0.0,1.0,0.0,0.0,0.0,0.0,0.0,0.0,1.0,0.0,0.0,77.24
0.11981799797775539,0.37129256682533907,0.26495726495726496,0.8999999999999999,0.47638603696098564,0.8735772357723578,0.3571428571428571,0.0,0.9999999999999999,0.7666666666666667,0.0,0.0,0.0,0.0,0.0,1.0,0.0,0.0,0.0,1.0,0.0,0.0,0.0,0.0,0.0,0.0,0.0,0.0,0.0,0.0,1.0,1.0,0.0,1.0,0.0,0.0,0.0,0.0,0.0,0.0,0.0,0.0,0.0,0.0,0.0,0.0,1.0,0.0,0.0,0.0,1.0,0.0,0.0,0.0,0.0,0.0,0.0,0.0,58.26
0.9537411526794743,0.4595386305382645,0.2478632478632479,0.6000000000000001,0.08624229979466119,0.37235772357723584,0.6428571428571428,0.0,0.5454545454545454,0.5,0.0,0.0,1.0,0.0,0.0,0.0,0.0,0.0,0.0,0.0,0.0,0.0,0.0,0.0,1.0,1.0,0.0,0.0,0.0,0.0,0.0,0.0,1.0,0.0,1.0,0.0,0.0,0.0,0.0,0.0,0.0,0.0,0.0,0.0,0.0,0.0,0.0,1.0,0.0,0.0,0.0,1.0,0.0,0.0,0.0,0.0,0.0,0.0,79.15
0.6021233569261883,0.2940314902965948,0.23931623931623935,0.25,0.6386036960985626,0.2922764227642277,0.42857142857142855,0.0,0.36363636363636365,0.5,0.0,0.0,0.0,0.0,0.0,0.0,1.0,0.0,0.0,0.0,0.0,1.0,0.0,0.0,0.0,0.0,1.0,0.0,0.0,0.0,0.0,0.0,1.0,0.0,0.0,0.0,0.0,0.0,0.0,1.0,0.0,0.0,0.0,0.0,0.0,0.0,0.0,0.0,1.0,0.0,0.0,0.0,0.0,1.0,0.0,0.0,0.0,0.0,99.99
0.2204246713852378,0.751373123398023,0.4102564102564103,0.0,0.5051334702258726,0.6504065040650407,0.8571428571428571,0.0,0.9090909090909091,0.4,0.0,0.0,0.0,1.0,0.0,0.0,0.0,0.0,0.0,0.0,0.0,0.0,1.0,0.0,0.0,0.0,0.0,0.0,0.0,0.0,1.0,0.0,1.0,0.0,0.0,0.0,0.0,0.0,0.0,0.0,0.0,1.0,0.0,1.0,0.0,0.0,0.0,0.0,0.0,0.0,0.0,0.0,0.0,0.0,0.0,0.0,0.0,1.0,57.53
0.6683518705763398,0.5005492493592092,0.37606837606837606,0.8500000000000001,0.05749486652977412,0.32439024390243915,0.9285714285714285,0.0,0.4545454545454545,0.4,0.0,1.0,0.0,0.0,0.0,0.0,0.0,0.0,0.0,0.0,0.0,1.0,0.0,0.0,0.0,0.0,0.0,0.0,0.0,1.0,0.0,0.0,1.0,0.0,1.0,0.0,0.0,0.0,0.0,0.0,0.0,0.0,0.0,0.0,0.0,0.0,1.0,0.0,0.0,0.0,0.0,0.0,0.0,0.0,1.0,0.0,0.0,0.0,90.84
0.6142568250758345,0.22299523983888703,0.7863247863247864,0.0,0.04106776180698152,0.6313008130081301,0.21428571428571427,0.0,0.6363636363636364,0.3666666666666667,0.0,0.0,0.0,0.0,0.0,1.0,0.0,0.0,0.0,0.0,0.0,0.0,0.0,1.0,0.0,0.0,0.0,1.0,0.0,0.0,0.0,0.0,1.0,0.0,0.0,0.0,0.0,0.0,0.0,0.0,0.0,0.0,1.0,0.0,1.0,0.0,0.0,0.0,0.0,0.0,0.0,1.0,0.0,0.0,0.0,0.0,0.0,0.0,60.37
0.35136501516683527,0.9073599414134019,0.2478632478632479,0.8500000000000001,0.8685831622176592,0.6105691056910569,0.5,0.0,0.9090909090909091,0.03333333333333333,0.0,1.0,0.0,0.0,0.0,0.0,0.0,0.0,0.0,0.0,0.0,0.0,1.0,0.0,0.0,1.0,0.0,0.0,0.0,0.0,0.0,0.0,1.0,0.0,0.0,1.0,0.0,0.0,0.0,0.0,0.0,0.0,0.0,0.0,0.0,0.0,1.0,0.0,0.0,0.0,1.0,0.0,0.0,0.0,0.0,0.0,0.0,0.0,89.12
0.103892821031345,0.3786158916147935,0.12820512820512822,0.5499999999999998,0.8028747433264887,0.5634146341463415,0.2857142857142857,0.0,0.6363636363636364,0.6666666666666666,0.0,0.0,0.0,0.0,0.0,0.0,1.0,0.0,0.0,0.0,0.0,0.0,1.0,0.0,0.0,0.0,0.0,1.0,0.0,0.0,0.0,0.0,1.0,0.0,1.0,0.0,0.0,0.0,0.0,0.0,0.0,0.0,0.0,0.0,0.0,0.0,1.0,0.0,0.0,1.0,0.0,0.0,0.0,0.0,0.0,0.0,0.0,0.0,86.73
0.6680990899898887,0.5422922006590993,0.3333333333333333,0.9500000000000002,0.322381930184805,0.37723577235772365,0.0,0.0,0.4545454545454545,0.6333333333333333,1.0,0.0,0.0,0.0,0.0,0.0,0.0,0.0,0.0,0.0,1.0,0.0,0.0,0.0,0.0,1.0,0.0,0.0,0.0,0.0,0.0,0.0,1.0,0.0,1.0,0.0,0.0,0.0,0.0,0.0,0.0,0.0,0.0,0.0,0.0,1.0,0.0,0.0,0.0,0.0,0.0,0.0,0.0,0.0,0.0,0.0,0.0,1.0,65.02
0.515166835187058,0.9143170999633834,0.15384615384615385,0.7999999999999998,0.7392197125256673,0.5479674796747969,0.21428571428571427,0.0,0.36363636363636365,0.9999999999999999,0.0,0.0,0.0,0.0,0.0,1.0,0.0,0.0,0.0,0.0,0.0,0.0,1.0,0.0,0.0,0.0,0.0,1.0,0.0,0.0,0.0,0.0,1.0,0.0,0.0,1.0,0.0,0.0,0.0,0.0,0.0,0.0,0.0,0.0,0.0,0.0,1.0,0.0,0.0,0.0,0.0,1.0,0.0,0.0,0.0,0.0,0.0,0.0,66.29
0.7699696663296258,0.6250457707799346,0.1452991452991453,1.0,0.891170431211499,0.5967479674796748,0.14285714285714285,0.0,0.9090909090909091,0.3,1.0,0.0,0.0,0.0,0.0,0.0,0.0,0.0,1.0,0.0,0.0,0.0,0.0,0.0,0.0,1.0,0.0,0.0,0.0,0.0,0.0,0.0,1.0,0.0,0.0,0.0,0.0,0.0,0.0,0.0,0.0,1.0,0.0,0.0,0.0,0.0,1.0,0.0,0.0,0.0,0.0,0.0,0.0,0.0,1.0,0.0,0.0,0.0,89.63
0.515166835187058,0.10472354448919807,0.0,0.3500000000000001,0.31827515400410683,0.5451219512195122,0.5714285714285714,0.0,0.4545454545454545,0.23333333333333334,0.0,0.0,0.0,0.0,0.0,0.0,1.0,0.0,0.0,0.0,0.0,0.0,0.0,0.0,1.0,0.0,0.0,1.0,0.0,0.0,0.0,0.0,1.0,0.0,0.0,0.0,0.0,0.0,0.0,0.0,0.0,1.0,0.0,0.0,0.0,0.0,0.0,0.0,1.0,0.0,0.0,0.0,0.0,1.0,0.0,0.0,0.0,0.0,73.07
0.8508594539939334,0.9487367264738191,0.6581196581196582,0.75,0.07392197125256673,0.4422764227642277,0.5,0.0,0.2727272727272727,0.13333333333333333,0.0,0.0,0.0,1.0,0.0,0.0,0.0,0.0,0.0,0.0,0.0,0.0,0.0,0.0,1.0,0.0,0.0,1.0,0.0,0.0,0.0,0.0,1.0,0.0,0.0,1.0,0.0,0.0,0.0,0.0,0.0,0.0,0.0,0.0,1.0,0.0,0.0,0.0,0.0,0.0,0.0,0.0,0.0,0.0,0.0,0.0,0.0,1.0,86.54
0.5472699696663295,0.6287074331746614,0.9743589743589745,0.3999999999999999,0.8459958932238193,0.005691056910569106,0.0,0.0,0.6363636363636364,0.6333333333333333,0.0,0.0,0.0,0.0,0.0,0.0,1.0,0.0,0.0,0.0,0.0,1.0,0.0,0.0,0.0,0.0,0.0,1.0,0.0,0.0,0.0,0.0,1.0,1.0,0.0,0.0,0.0,0.0,0.0,0.0,0.0,0.0,0.0,0.0,0.0,0.0,0.0,0.0,1.0,0.0,0.0,0.0,0.0,0.0,1.0,0.0,0.0,0.0,57.4
0.5563700707785642,0.32845111680703054,0.39316239316239315,0.5,0.162217659137577,0.5873983739837398,0.7142857142857142,0.0,0.4545454545454545,0.9,0.0,0.0,0.0,1.0,0.0,0.0,0.0,0.0,0.0,0.0,0.0,0.0,0.0,1.0,0.0,0.0,0.0,1.0,0.0,0.0,0.0,0.0,1.0,0.0,0.0,0.0,0.0,0.0,0.0,0.0,0.0,0.0,1.0,0.0,0.0,0.0,0.0,0.0,1.0,0.0,0.0,0.0,0.0,0.0,0.0,1.0,0.0,0.0,92.63
0.8756319514661275,0.12779201757598013,0.9658119658119659,0.6499999999999999,0.7248459958932238,0.1617886178861789,0.3571428571428571,0.0,0.2727272727272727,0.7,0.0,0.0,0.0,0.0,0.0,1.0,0.0,0.0,0.0,0.0,0.0,0.0,1.0,0.0,0.0,0.0,0.0,0.0,0.0,1.0,0.0,1.0,0.0,0.0,0.0,0.0,0.0,0.0,0.0,0.0,1.0,0.0,0.0,1.0,0.0,0.0,0.0,0.0,0.0,0.0,0.0,0.0,0.0,0.0,0.0,1.0,0.0,0.0,85.54
0.39711830131445924,0.7989747345294766,0.5555555555555557,0.8500000000000001,0.5236139630390143,0.6434959349593496,0.5714285714285714,0.0,0.9090909090909091,0.4,0.0,0.0,0.0,0.0,0.0,1.0,0.0,0.0,1.0,0.0,0.0,0.0,0.0,0.0,0.0,0.0,1.0,0.0,0.0,0.0,0.0,0.0,1.0,0.0,0.0,0.0,1.0,0.0,0.0,0.0,0.0,0.0,0.0,0.0,0.0,0.0,0.0,0.0,1.0,0.0,0.0,0.0,0.0,0.0,1.0,0.0,0.0,0.0,95.35
0.12462082912032368,0.6206517759062615,1.0000000000000002,1.0,0.41683778234086244,0.7621951219512196,0.42857142857142855,0.0,0.09090909090909091,0.6666666666666666,0.0,0.0,0.0,0.0,0.0,0.0,0.0,1.0,0.0,0.0,0.0,1.0,0.0,0.0,0.0,0.0,0.0,0.0,1.0,0.0,0.0,0.0,1.0,0.0,0.0,0.0,0.0,0.0,0.0,0.0,0.0,0.0,1.0,0.0,0.0,1.0,0.0,0.0,0.0,0.0,0.0,1.0,0.0,0.0,0.0,0.0,0.0,0.0,56.62
0.018200202224469164,0.5320395459538632,0.7777777777777779,0.75,0.15195071868583163,0.49918699186991883,0.21428571428571427,0.0,0.7272727272727273,0.7666666666666667,0.0,1.0,0.0,0.0,0.0,0.0,0.0,0.0,0.0,0.0,1.0,0.0,0.0,0.0,0.0,0.0,0.0,0.0,0.0,0.0,1.0,0.0,1.0,0.0,0.0,0.0,0.0,0.0,0.0,0.0,0.0,1.0,0.0,0.0,0.0,1.0,0.0,0.0,0.0,0.0,0.0,0.0,0.0,0.0,0.0,0.0,0.0,1.0,79.65
0.7527805864509607,0.9015012815818384,0.9572649572649574,0.3999999999999999,0.973305954825462,0.5418699186991871,0.8571428571428571,0.0,0.8181818181818182,0.6666666666666666,0.0,0.0,0.0,0.0,0.0,0.0,0.0,1.0,0.0,0.0,0.0,1.0,0.0,0.0,0.0,0.0,0.0,0.0,1.0,0.0,0.0,0.0,1.0,0.0,0.0,0.0,0.0,0.0,0.0,0.0,1.0,0.0,0.0,1.0,0.0,0.0,0.0,0.0,0.0,0.0,0.0,1.0,0.0,0.0,0.0,0.0,0.0,0.0,79.96
